Sn.o,Date,Customer Name,Vachile Name,Cost,Payment Method,Purchase Date,Staff Name,Location,Vachile Model
1,2024-10-14,Suresh Verma,Honda Activa,123185,Cash,2024-10-18,Neha,Boring Road,2022
2,2024-01-16,Rohit Kumar,Honda Activa,71813,Cash,2024-02-05,Ajay,Boring Road,2023
3,2024-07-19,Anjali Thakur,Honda Shine,105645,Card,2024-07-21,Ajay,Kankarbagh,2023
4,2025-04-26,Kiran Verma,Honda Hornet,82497,UPI,2025-04-27,Deepa,Bailey Road,2024
5,2024-03-20,Ravi Singh,Honda Activa,149704,Card,2024-03-26,Vikash,Bailey Road,2022
6,2025-02-11,Suman Gupta,Honda Hornet,96321,Cash,2025-02-14,Rajeev,Ashiana,2022
7,2024-06-16,Amit Sharma,Honda Dio,123013,UPI,2024-06-23,Sunita,Ashiana,2024
8,2025-02-21,Amit Mishra,Honda Hornet,79943,EMI,2025-02-25,Sunita,Ashiana,2024
9,2024-01-29,Manish Singh,Honda Unicorn,106226,Card,2024-02-06,Neha,Boring Road,2022
10,2024-12-31,Amit Gupta,Honda Activa,145530,Cash,2025-01-18,Sunita,Kankarbagh,2022
11,2024-12-17,Pooja Mishra,Honda Dio,80653,Cash,2024-12-23,Neha,Boring Road,2024
12,2024-07-26,Rohit Verma,Honda Dio,68087,EMI,2024-07-31,Sunita,Fraser Road,2022
13,2025-04-02,Suresh Sharma,Honda Dio,114742,EMI,2025-04-07,Vikash,Kankarbagh,2022
14,2024-08-31,Amit Kumar,Honda Shine,98547,Cash,2024-09-16,Neha,Boring Road,2024
15,2024-06-16,Anjali Mishra,Honda Activa,89728,UPI,2024-06-20,Deepa,Ashiana,2024
16,2024-12-04,Suresh Choudhary,Honda Hornet,112751,Card,2024-12-19,Neha,Ashiana,2024
17,2024-03-23,Manish Verma,Honda Hornet,78256,Card,2024-03-27,Deepa,Bailey Road,2024
18,2024-01-11,Suresh Jha,Honda Shine,99605,UPI,2024-01-13,Deepa,Bailey Road,2022
19,2025-01-24,Suman Kumar,Honda Dio,87242,EMI,2025-02-10,Deepa,Fraser Road,2023
20,2025-06-06,Suresh Kumar,Honda Activa,125672,EMI,2025-06-16,Neha,Bailey Road,2023
21,2024-11-16,Ravi Kumar,Honda Shine,67723,EMI,2024-11-24,Ajay,Kankarbagh,2022
22,2024-08-25,Suresh Thakur,Honda Unicorn,79139,Card,2024-09-12,Rajeev,Fraser Road,2023
23,2025-04-20,Pooja Gupta,Honda Unicorn,73281,EMI,2025-04-21,Rajeev,Kankarbagh,2023
24,2024-09-19,Kiran Yadav,Honda Dio,139423,EMI,2024-09-28,Sunita,Bailey Road,2023
25,2025-04-13,Anjali Kumar,Honda Dio,101054,UPI,2025-04-28,Deepa,Boring Road,2022
26,2025-04-06,Suman Choudhary,Honda Shine,88514,EMI,2025-04-07,Sunita,Boring Road,2023
27,2025-01-21,Pooja Jha,Honda Hornet,113751,Card,2025-01-24,Vikash,Boring Road,2023
28,2024-05-16,Anjali Jha,Honda Unicorn,74005,Card,2024-05-26,Vikash,Kankarbagh,2023
29,2024-01-13,Manish Kumar,Honda Dio,148622,EMI,2024-01-15,Ajay,Kankarbagh,2022
30,2025-01-21,Ravi Yadav,Honda Dio,146527,EMI,2025-02-02,Rajeev,Kankarbagh,2023
31,2025-03-05,Pooja Yadav,Honda Hornet,117712,Cash,2025-03-11,Deepa,Boring Road,2024
32,2025-02-04,Pooja Choudhary,Honda Shine,100719,Cash,2025-02-05,Ajay,Fraser Road,2024
33,2024-05-31,Rani Verma,Honda Unicorn,73004,Card,2024-06-15,Rajeev,Fraser Road,2022
34,2024-09-08,Rani Sharma,Honda Hornet,70562,EMI,2024-09-26,Ajay,Ashiana,2022
35,2025-03-18,Suresh Kumar,Honda Unicorn,96220,Card,2025-03-27,Deepa,Fraser Road,2024
36,2024-05-30,Suman Gupta,Honda Shine,140177,Card,2024-06-16,Vikash,Boring Road,2022
37,2025-04-09,Anjali Verma,Honda Unicorn,140272,UPI,2025-04-25,Neha,Kankarbagh,2022
38,2024-03-19,Rani Thakur,Honda Unicorn,76953,Cash,2024-03-31,Rajeev,Patliputra,2023
39,2024-11-14,Anjali Thakur,Honda Dio,82816,Cash,2024-11-16,Rajeev,Kankarbagh,2023
40,2024-08-08,Manish Yadav,Honda Shine,142841,EMI,2024-08-24,Deepa,Patliputra,2023
41,2024-10-24,Suman Thakur,Honda Activa,60402,EMI,2024-11-04,Sunita,Ashiana,2023
42,2024-12-05,Kiran Mishra,Honda Dio,84792,EMI,2024-12-07,Deepa,Fraser Road,2022
43,2025-01-26,Pooja Gupta,Honda Unicorn,137434,Card,2025-02-15,Ajay,Fraser Road,2024
44,2024-05-16,Kiran Choudhary,Honda Hornet,103195,EMI,2024-06-04,Rajeev,Boring Road,2024
45,2024-09-28,Anjali Yadav,Honda Unicorn,74540,UPI,2024-10-16,Rajeev,Patliputra,2024
46,2025-03-13,Rohit Jha,Honda Dio,119872,Card,2025-03-25,Vikash,Boring Road,2024
47,2024-06-01,Suresh Kumar,Honda Shine,113235,Cash,2024-06-17,Sunita,Bailey Road,2024
48,2025-04-25,Ravi Singh,Honda Unicorn,89610,Cash,2025-04-29,Ajay,Ashiana,2022
49,2024-07-02,Manish Verma,Honda Hornet,88361,Cash,2024-07-17,Deepa,Ashiana,2024
50,2024-07-08,Anjali Mishra,Honda Shine,145321,UPI,2024-07-20,Vikash,Kankarbagh,2022
51,2024-03-29,Manish Verma,Honda Shine,149017,Card,2024-04-18,Ajay,Boring Road,2024
52,2025-06-13,Rani Sharma,Honda Activa,128168,Cash,2025-06-18,Vikash,Boring Road,2023
53,2024-03-14,Kiran Sharma,Honda Hornet,89959,Cash,2024-03-19,Neha,Fraser Road,2023
54,2024-01-20,Suman Kumar,Honda Hornet,73262,UPI,2024-02-07,Deepa,Bailey Road,2023
55,2024-06-30,Ravi Jha,Honda Shine,83160,Cash,2024-07-06,Sunita,Ashiana,2024
56,2024-11-02,Ravi Sharma,Honda Shine,87800,UPI,2024-11-06,Neha,Boring Road,2023
57,2024-02-20,Anjali Jha,Honda Unicorn,118877,UPI,2024-03-02,Rajeev,Boring Road,2022
58,2024-08-18,Anjali Gupta,Honda Hornet,93691,UPI,2024-08-31,Deepa,Bailey Road,2024
59,2025-03-03,Amit Gupta,Honda Dio,79470,Card,2025-03-14,Rajeev,Patliputra,2023
60,2024-11-14,Pooja Verma,Honda Unicorn,122441,Cash,2024-12-03,Vikash,Patliputra,2022
61,2024-02-13,Ravi Singh,Honda Shine,77570,Cash,2024-02-22,Ajay,Bailey Road,2022
62,2024-05-29,Rani Verma,Honda Dio,85633,Card,2024-05-30,Vikash,Patliputra,2024
63,2025-05-16,Anjali Thakur,Honda Hornet,113160,UPI,2025-05-23,Deepa,Fraser Road,2022
64,2024-12-06,Anjali Yadav,Honda Unicorn,67193,UPI,2024-12-07,Neha,Kankarbagh,2022
65,2024-03-05,Suresh Yadav,Honda Activa,102178,Cash,2024-03-12,Deepa,Boring Road,2024
66,2024-03-14,Manish Jha,Honda Activa,110542,UPI,2024-03-30,Rajeev,Fraser Road,2023
67,2025-02-13,Anjali Thakur,Honda Dio,147924,UPI,2025-03-04,Rajeev,Fraser Road,2024
68,2024-08-17,Manish Kumar,Honda Unicorn,111630,Card,2024-08-19,Neha,Ashiana,2023
69,2024-01-02,Anjali Kumar,Honda Unicorn,93521,Card,2024-01-22,Neha,Kankarbagh,2022
70,2024-05-02,Amit Choudhary,Honda Hornet,126478,Card,2024-05-06,Neha,Patliputra,2022
71,2024-10-30,Rani Thakur,Honda Hornet,129234,Card,2024-11-16,Deepa,Bailey Road,2023
72,2025-04-15,Kiran Sharma,Honda Hornet,120730,Cash,2025-05-05,Ajay,Boring Road,2022
73,2024-04-27,Amit Verma,Honda Activa,102604,EMI,2024-04-30,Sunita,Patliputra,2024
74,2024-08-26,Rohit Singh,Honda Unicorn,77975,Card,2024-08-28,Neha,Ashiana,2024
75,2024-06-21,Suresh Singh,Honda Dio,80745,Cash,2024-07-11,Vikash,Kankarbagh,2023
76,2025-04-03,Rohit Gupta,Honda Activa,135202,EMI,2025-04-10,Sunita,Boring Road,2024
77,2025-04-22,Suman Gupta,Honda Dio,144635,Card,2025-04-29,Vikash,Patliputra,2023
78,2024-03-03,Manish Verma,Honda Activa,115413,EMI,2024-03-23,Rajeev,Bailey Road,2022
79,2024-04-03,Ravi Gupta,Honda Hornet,131234,UPI,2024-04-14,Deepa,Ashiana,2023
80,2024-03-14,Kiran Choudhary,Honda Hornet,89826,EMI,2024-03-18,Rajeev,Ashiana,2023
81,2024-10-12,Ravi Thakur,Honda Shine,68297,EMI,2024-10-21,Rajeev,Patliputra,2023
82,2025-03-05,Rohit Mishra,Honda Activa,124195,Card,2025-03-18,Ajay,Ashiana,2022
83,2025-04-21,Pooja Yadav,Honda Activa,68501,Card,2025-04-30,Deepa,Fraser Road,2023
84,2024-03-03,Suresh Jha,Honda Activa,101165,EMI,2024-03-14,Neha,Kankarbagh,2024
85,2024-07-23,Suresh Yadav,Honda Activa,117394,Card,2024-07-27,Deepa,Bailey Road,2022
86,2024-08-13,Suresh Jha,Honda Unicorn,111838,Cash,2024-08-27,Neha,Patliputra,2024
87,2024-06-09,Anjali Gupta,Honda Hornet,144892,EMI,2024-06-20,Sunita,Kankarbagh,2023
88,2025-02-17,Manish Jha,Honda Hornet,106198,Cash,2025-02-28,Vikash,Patliputra,2024
89,2024-07-05,Rani Gupta,Honda Activa,62650,Card,2024-07-15,Rajeev,Boring Road,2024
90,2024-03-04,Suman Choudhary,Honda Unicorn,100701,EMI,2024-03-06,Rajeev,Ashiana,2024
91,2024-07-24,Rohit Singh,Honda Dio,147564,UPI,2024-07-30,Rajeev,Patliputra,2022
92,2024-08-12,Ravi Singh,Honda Dio,60220,UPI,2024-08-29,Ajay,Fraser Road,2022
93,2025-02-01,Ravi Thakur,Honda Unicorn,140777,Card,2025-02-08,Rajeev,Boring Road,2023
94,2024-04-17,Amit Kumar,Honda Dio,71315,Card,2024-04-19,Ajay,Fraser Road,2022
95,2025-03-25,Suman Sharma,Honda Activa,137098,Cash,2025-04-13,Deepa,Kankarbagh,2024
96,2024-10-03,Manish Kumar,Honda Unicorn,139889,UPI,2024-10-14,Sunita,Bailey Road,2024
97,2024-03-21,Kiran Gupta,Honda Hornet,107443,EMI,2024-04-07,Ajay,Bailey Road,2022
98,2025-06-02,Anjali Sharma,Honda Hornet,99698,EMI,2025-06-20,Neha,Patliputra,2023
99,2024-08-20,Anjali Thakur,Honda Dio,105356,Cash,2024-08-26,Deepa,Boring Road,2024
100,2024-04-15,Rani Gupta,Honda Unicorn,147840,Card,2024-04-28,Neha,Bailey Road,2024
101,2024-10-05,Suman Yadav,Honda Unicorn,92110,UPI,2024-10-24,Rajeev,Boring Road,2022
102,2024-06-30,Manish Yadav,Honda Shine,111612,UPI,2024-07-19,Neha,Fraser Road,2023
103,2025-05-11,Rani Sharma,Honda Shine,65536,Cash,2025-05-30,Neha,Boring Road,2024
104,2024-11-22,Suresh Singh,Honda Dio,116116,Cash,2024-11-23,Rajeev,Bailey Road,2022
105,2024-09-09,Kiran Choudhary,Honda Unicorn,147845,EMI,2024-09-25,Deepa,Kankarbagh,2022
106,2024-06-11,Amit Verma,Honda Shine,134002,EMI,2024-06-26,Vikash,Bailey Road,2024
107,2024-07-01,Suresh Gupta,Honda Hornet,78691,UPI,2024-07-06,Sunita,Kankarbagh,2024
108,2025-05-04,Ravi Kumar,Honda Activa,135628,EMI,2025-05-17,Deepa,Boring Road,2023
109,2024-06-20,Kiran Kumar,Honda Unicorn,108721,UPI,2024-07-04,Vikash,Kankarbagh,2022
110,2024-10-22,Suman Jha,Honda Activa,98265,Cash,2024-11-07,Vikash,Kankarbagh,2022
111,2024-11-15,Suman Sharma,Honda Dio,89296,EMI,2024-11-18,Deepa,Boring Road,2022
112,2024-12-30,Suman Kumar,Honda Hornet,116386,UPI,2025-01-02,Neha,Ashiana,2022
113,2025-05-19,Suresh Yadav,Honda Shine,133715,Cash,2025-06-01,Neha,Patliputra,2023
114,2025-05-31,Suman Singh,Honda Hornet,89774,Cash,2025-06-06,Ajay,Boring Road,2024
115,2024-02-06,Ravi Verma,Honda Unicorn,117427,UPI,2024-02-19,Sunita,Kankarbagh,2022
116,2025-02-07,Anjali Kumar,Honda Activa,128394,UPI,2025-02-25,Neha,Kankarbagh,2024
117,2024-08-02,Suresh Yadav,Honda Unicorn,74823,EMI,2024-08-12,Ajay,Bailey Road,2024
118,2024-06-07,Suman Verma,Honda Shine,132231,Cash,2024-06-12,Neha,Boring Road,2022
119,2024-05-25,Pooja Yadav,Honda Dio,75632,UPI,2024-05-26,Vikash,Boring Road,2023
120,2025-01-11,Suresh Yadav,Honda Unicorn,126034,Card,2025-01-31,Rajeev,Fraser Road,2022
121,2025-05-24,Anjali Sharma,Honda Hornet,64002,Card,2025-06-08,Vikash,Patliputra,2024
122,2025-01-04,Anjali Kumar,Honda Shine,131183,UPI,2025-01-11,Deepa,Fraser Road,2023
123,2024-04-16,Suresh Kumar,Honda Activa,87060,UPI,2024-04-27,Deepa,Boring Road,2022
124,2024-07-10,Rohit Sharma,Honda Hornet,108507,Card,2024-07-26,Sunita,Ashiana,2022
125,2024-12-15,Suman Gupta,Honda Shine,103541,Card,2025-01-02,Sunita,Patliputra,2023
126,2025-01-15,Suresh Sharma,Honda Shine,68888,UPI,2025-02-01,Vikash,Patliputra,2023
127,2025-04-21,Amit Mishra,Honda Activa,134663,Card,2025-04-22,Ajay,Bailey Road,2023
128,2024-04-08,Suresh Thakur,Honda Unicorn,91235,EMI,2024-04-25,Rajeev,Patliputra,2022
129,2024-05-15,Kiran Kumar,Honda Activa,137047,Card,2024-05-29,Sunita,Patliputra,2024
130,2025-03-13,Ravi Gupta,Honda Activa,115595,UPI,2025-03-15,Vikash,Bailey Road,2024
131,2025-03-26,Pooja Jha,Honda Activa,137643,EMI,2025-04-03,Vikash,Fraser Road,2023
132,2024-04-21,Amit Thakur,Honda Hornet,137957,Cash,2024-04-23,Deepa,Boring Road,2023
133,2024-04-10,Pooja Gupta,Honda Activa,74728,Card,2024-04-21,Deepa,Bailey Road,2022
134,2024-03-23,Amit Thakur,Honda Dio,118096,EMI,2024-04-06,Ajay,Kankarbagh,2022
135,2024-01-02,Rohit Sharma,Honda Unicorn,104302,UPI,2024-01-16,Sunita,Patliputra,2024
136,2024-07-05,Amit Sharma,Honda Dio,137812,Card,2024-07-17,Neha,Boring Road,2023
137,2024-08-24,Ravi Jha,Honda Hornet,77009,Card,2024-09-05,Neha,Boring Road,2023
138,2024-01-06,Suman Yadav,Honda Unicorn,99978,UPI,2024-01-25,Vikash,Fraser Road,2022
139,2024-09-17,Suresh Gupta,Honda Hornet,120241,UPI,2024-09-29,Vikash,Kankarbagh,2024
140,2025-05-10,Rohit Jha,Honda Dio,128742,Card,2025-05-29,Rajeev,Boring Road,2024
141,2025-01-14,Kiran Choudhary,Honda Dio,62184,Cash,2025-01-25,Ajay,Kankarbagh,2024
142,2025-02-07,Ravi Verma,Honda Shine,120456,UPI,2025-02-27,Ajay,Fraser Road,2024
143,2024-01-21,Rohit Singh,Honda Unicorn,85178,EMI,2024-01-31,Ajay,Boring Road,2024
144,2024-08-01,Ravi Kumar,Honda Unicorn,90566,EMI,2024-08-07,Ajay,Fraser Road,2023
145,2024-11-02,Kiran Jha,Honda Activa,85107,UPI,2024-11-14,Deepa,Kankarbagh,2023
146,2024-12-12,Rani Verma,Honda Hornet,127863,Card,2024-12-27,Vikash,Kankarbagh,2024
147,2024-05-20,Anjali Mishra,Honda Unicorn,130646,Card,2024-05-28,Ajay,Patliputra,2024
148,2025-01-24,Kiran Choudhary,Honda Activa,124311,Cash,2025-02-11,Deepa,Ashiana,2023
149,2024-10-10,Ravi Kumar,Honda Dio,102261,Card,2024-10-29,Rajeev,Bailey Road,2024
150,2024-01-06,Amit Jha,Honda Unicorn,105174,Cash,2024-01-24,Sunita,Kankarbagh,2023
151,2024-03-10,Rohit Sharma,Honda Dio,86040,EMI,2024-03-22,Vikash,Boring Road,2024
152,2025-02-27,Pooja Verma,Honda Shine,90055,UPI,2025-03-03,Deepa,Kankarbagh,2023
153,2024-11-19,Suresh Mishra,Honda Unicorn,110438,EMI,2024-11-21,Rajeev,Fraser Road,2022
154,2024-10-25,Anjali Choudhary,Honda Unicorn,106027,Card,2024-11-03,Sunita,Kankarbagh,2022
155,2025-04-23,Kiran Choudhary,Honda Activa,76957,Card,2025-05-04,Neha,Fraser Road,2024
156,2024-09-26,Kiran Choudhary,Honda Dio,71881,EMI,2024-10-12,Rajeev,Boring Road,2023
157,2024-08-05,Kiran Gupta,Honda Dio,137983,EMI,2024-08-11,Ajay,Ashiana,2024
158,2025-04-11,Suresh Thakur,Honda Shine,60530,Card,2025-04-18,Neha,Patliputra,2023
159,2023-12-18,Pooja Thakur,Honda Hornet,131195,Card,2024-01-07,Deepa,Boring Road,2023
160,2025-06-01,Pooja Kumar,Honda Hornet,106823,Card,2025-06-17,Neha,Patliputra,2023
161,2024-09-08,Anjali Sharma,Honda Hornet,120446,EMI,2024-09-22,Vikash,Boring Road,2022
162,2025-02-09,Amit Verma,Honda Shine,132918,Card,2025-02-15,Sunita,Kankarbagh,2022
163,2024-04-16,Rani Singh,Honda Unicorn,61333,UPI,2024-04-29,Rajeev,Boring Road,2024
164,2025-01-09,Suman Sharma,Honda Unicorn,93137,EMI,2025-01-23,Sunita,Kankarbagh,2023
165,2024-10-06,Rohit Gupta,Honda Unicorn,70933,Card,2024-10-17,Ajay,Bailey Road,2023
166,2024-04-20,Ravi Choudhary,Honda Unicorn,145729,UPI,2024-05-07,Neha,Kankarbagh,2023
167,2024-07-02,Suresh Yadav,Honda Unicorn,133925,UPI,2024-07-21,Sunita,Fraser Road,2023
168,2024-07-04,Rani Thakur,Honda Dio,76170,Cash,2024-07-13,Neha,Patliputra,2024
169,2025-05-15,Pooja Singh,Honda Unicorn,126825,UPI,2025-06-04,Vikash,Patliputra,2024
170,2025-06-10,Amit Gupta,Honda Shine,108014,Card,2025-06-15,Vikash,Boring Road,2023
171,2025-06-16,Suresh Thakur,Honda Dio,66730,UPI,2025-06-18,Deepa,Bailey Road,2024
172,2024-05-27,Ravi Kumar,Honda Dio,130869,Cash,2024-06-09,Rajeev,Boring Road,2022
173,2025-04-02,Suresh Verma,Honda Hornet,142868,EMI,2025-04-20,Sunita,Boring Road,2024
174,2024-03-18,Pooja Yadav,Honda Dio,87888,EMI,2024-04-05,Neha,Ashiana,2024
175,2024-01-23,Rani Sharma,Honda Dio,77809,Cash,2024-02-04,Sunita,Fraser Road,2024
176,2024-12-05,Kiran Jha,Honda Hornet,71204,UPI,2024-12-15,Deepa,Kankarbagh,2023
177,2025-06-07,Suman Gupta,Honda Unicorn,134940,Card,2025-06-18,Rajeev,Ashiana,2024
178,2023-12-26,Anjali Verma,Honda Activa,107919,Card,2024-01-07,Sunita,Patliputra,2023
179,2024-08-24,Suman Gupta,Honda Shine,86439,UPI,2024-08-31,Deepa,Bailey Road,2024
180,2024-03-06,Suman Yadav,Honda Unicorn,93568,Card,2024-03-23,Vikash,Ashiana,2023
181,2023-12-29,Pooja Kumar,Honda Activa,110310,EMI,2024-01-08,Vikash,Patliputra,2024
182,2023-12-25,Ravi Choudhary,Honda Dio,141344,Card,2024-01-09,Rajeev,Fraser Road,2024
183,2024-09-29,Ravi Gupta,Honda Dio,142631,Cash,2024-10-13,Ajay,Kankarbagh,2024
184,2024-11-12,Amit Kumar,Honda Activa,85273,UPI,2024-11-25,Rajeev,Fraser Road,2022
185,2024-10-07,Manish Gupta,Honda Activa,142497,Card,2024-10-26,Sunita,Patliputra,2024
186,2025-01-20,Suman Yadav,Honda Activa,104990,EMI,2025-01-23,Neha,Kankarbagh,2022
187,2024-11-25,Suresh Kumar,Honda Dio,105589,EMI,2024-12-15,Rajeev,Fraser Road,2024
188,2024-06-25,Pooja Kumar,Honda Unicorn,101737,Cash,2024-07-06,Deepa,Patliputra,2022
189,2024-03-01,Rani Jha,Honda Unicorn,89175,Cash,2024-03-07,Neha,Fraser Road,2022
190,2025-05-25,Ravi Verma,Honda Dio,96902,EMI,2025-06-07,Neha,Patliputra,2024
191,2025-01-03,Suresh Yadav,Honda Activa,125298,Card,2025-01-07,Deepa,Fraser Road,2023
192,2024-02-01,Amit Gupta,Honda Unicorn,139209,EMI,2024-02-04,Rajeev,Ashiana,2024
193,2024-04-21,Amit Jha,Honda Activa,81786,Card,2024-04-28,Sunita,Boring Road,2023
194,2024-01-10,Amit Gupta,Honda Shine,149347,Cash,2024-01-21,Sunita,Boring Road,2022
195,2025-02-26,Kiran Choudhary,Honda Dio,134422,Cash,2025-03-08,Vikash,Bailey Road,2022
196,2025-05-08,Kiran Singh,Honda Activa,102388,Cash,2025-05-25,Rajeev,Ashiana,2022
197,2025-01-02,Suresh Singh,Honda Shine,88366,EMI,2025-01-20,Ajay,Boring Road,2023
198,2025-03-18,Rani Thakur,Honda Shine,64949,UPI,2025-03-31,Sunita,Patliputra,2022
199,2025-01-21,Manish Jha,Honda Activa,143849,Card,2025-02-09,Neha,Patliputra,2023
200,2024-12-24,Pooja Thakur,Honda Unicorn,77695,EMI,2025-01-02,Neha,Bailey Road,2023
201,2025-01-26,Anjali Mishra,Honda Dio,95945,Card,2025-02-02,Rajeev,Ashiana,2023
202,2024-03-24,Rani Sharma,Honda Hornet,68241,UPI,2024-04-08,Ajay,Patliputra,2024
203,2024-11-12,Pooja Singh,Honda Shine,137527,UPI,2024-11-26,Vikash,Patliputra,2022
204,2024-01-24,Ravi Singh,Honda Shine,98757,Cash,2024-02-04,Rajeev,Fraser Road,2022
205,2024-02-25,Anjali Thakur,Honda Hornet,116909,Card,2024-03-01,Sunita,Kankarbagh,2024
206,2024-08-23,Kiran Thakur,Honda Dio,132408,EMI,2024-08-25,Rajeev,Boring Road,2022
207,2024-01-16,Suman Yadav,Honda Hornet,101468,EMI,2024-02-01,Sunita,Ashiana,2022
208,2024-07-12,Amit Choudhary,Honda Hornet,123513,Card,2024-07-18,Deepa,Fraser Road,2022
209,2024-10-12,Amit Kumar,Honda Hornet,98903,Cash,2024-10-15,Sunita,Ashiana,2024
210,2024-05-10,Rohit Thakur,Honda Unicorn,126557,UPI,2024-05-22,Ajay,Patliputra,2022
211,2024-06-21,Anjali Singh,Honda Unicorn,87778,EMI,2024-07-08,Ajay,Patliputra,2022
212,2024-12-04,Rohit Gupta,Honda Dio,128012,UPI,2024-12-14,Neha,Ashiana,2023
213,2025-05-28,Suman Gupta,Honda Unicorn,77274,Cash,2025-06-15,Sunita,Patliputra,2023
214,2024-09-23,Manish Yadav,Honda Unicorn,108019,Card,2024-09-26,Vikash,Ashiana,2024
215,2024-12-31,Rohit Sharma,Honda Unicorn,63902,EMI,2025-01-17,Rajeev,Ashiana,2024
216,2025-05-21,Rohit Sharma,Honda Hornet,77294,EMI,2025-06-04,Sunita,Fraser Road,2022
217,2024-11-25,Rani Mishra,Honda Hornet,101052,Cash,2024-11-29,Rajeev,Ashiana,2024
218,2024-04-09,Amit Gupta,Honda Hornet,129207,Card,2024-04-11,Deepa,Ashiana,2023
219,2024-03-28,Suman Choudhary,Honda Hornet,81547,UPI,2024-04-15,Ajay,Patliputra,2024
220,2024-03-06,Kiran Choudhary,Honda Hornet,139327,Card,2024-03-10,Rajeev,Ashiana,2024
221,2024-04-05,Suman Mishra,Honda Unicorn,69484,Card,2024-04-06,Sunita,Fraser Road,2023
222,2024-01-06,Ravi Verma,Honda Shine,102526,UPI,2024-01-12,Vikash,Patliputra,2023
223,2024-12-09,Suresh Gupta,Honda Hornet,91224,UPI,2024-12-24,Rajeev,Patliputra,2022
224,2024-08-06,Rohit Choudhary,Honda Unicorn,146988,Cash,2024-08-23,Vikash,Ashiana,2022
225,2024-11-15,Amit Choudhary,Honda Activa,113722,UPI,2024-11-25,Sunita,Kankarbagh,2024
226,2024-08-29,Anjali Mishra,Honda Dio,91808,Card,2024-09-08,Sunita,Fraser Road,2023
227,2024-09-20,Suman Mishra,Honda Dio,146396,UPI,2024-09-25,Rajeev,Boring Road,2024
228,2024-07-17,Amit Gupta,Honda Dio,146746,Card,2024-08-06,Deepa,Kankarbagh,2024
229,2024-06-30,Suman Choudhary,Honda Hornet,124166,Cash,2024-07-05,Neha,Patliputra,2023
230,2024-03-30,Manish Mishra,Honda Hornet,136833,Card,2024-04-13,Neha,Kankarbagh,2022
231,2024-05-20,Manish Thakur,Honda Hornet,107123,UPI,2024-06-03,Deepa,Patliputra,2023
232,2024-12-23,Pooja Choudhary,Honda Unicorn,120224,Card,2025-01-01,Neha,Fraser Road,2024
233,2025-05-31,Pooja Verma,Honda Hornet,140582,EMI,2025-06-20,Neha,Ashiana,2024
234,2024-02-25,Manish Choudhary,Honda Hornet,79862,Cash,2024-02-27,Sunita,Ashiana,2023
235,2025-06-03,Kiran Choudhary,Honda Unicorn,67853,UPI,2025-06-05,Neha,Fraser Road,2024
236,2024-04-25,Kiran Thakur,Honda Hornet,140313,UPI,2024-05-05,Sunita,Kankarbagh,2023
237,2025-06-03,Rohit Verma,Honda Hornet,69915,Card,2025-06-09,Neha,Patliputra,2023
238,2024-10-04,Rohit Jha,Honda Unicorn,113089,Cash,2024-10-23,Vikash,Ashiana,2022
239,2024-11-01,Anjali Singh,Honda Hornet,136816,UPI,2024-11-08,Rajeev,Fraser Road,2023
240,2024-08-06,Rohit Thakur,Honda Dio,101947,UPI,2024-08-23,Rajeev,Fraser Road,2024
241,2025-06-21,Rohit Sharma,Honda Unicorn,71127,Cash,2025-06-23,Ajay,Patliputra,2022
242,2025-01-12,Rohit Thakur,Honda Unicorn,66928,Card,2025-01-25,Neha,Ashiana,2022
243,2024-01-09,Pooja Jha,Honda Hornet,103311,Cash,2024-01-12,Ajay,Kankarbagh,2024
244,2024-06-01,Suresh Gupta,Honda Dio,133054,UPI,2024-06-15,Neha,Patliputra,2022
245,2024-03-29,Suman Jha,Honda Activa,100716,EMI,2024-04-03,Neha,Ashiana,2022
246,2024-07-13,Suresh Thakur,Honda Activa,124471,Card,2024-08-01,Ajay,Boring Road,2023
247,2024-07-24,Kiran Verma,Honda Unicorn,67182,Cash,2024-08-01,Neha,Boring Road,2023
248,2025-04-03,Suman Singh,Honda Unicorn,77117,Cash,2025-04-18,Deepa,Boring Road,2022
249,2024-01-25,Ravi Jha,Honda Hornet,138434,EMI,2024-01-28,Rajeev,Fraser Road,2022
250,2023-12-25,Rohit Gupta,Honda Hornet,138515,UPI,2024-01-13,Sunita,Kankarbagh,2022
251,2024-08-21,Manish Verma,Honda Activa,106933,Card,2024-08-25,Neha,Bailey Road,2024
252,2025-02-04,Suresh Thakur,Honda Hornet,122766,Card,2025-02-18,Neha,Boring Road,2023
253,2024-01-30,Ravi Kumar,Honda Shine,91908,EMI,2024-02-02,Sunita,Bailey Road,2023
254,2024-07-25,Pooja Kumar,Honda Hornet,116987,EMI,2024-08-13,Neha,Bailey Road,2022
255,2025-01-04,Rohit Gupta,Honda Unicorn,118525,EMI,2025-01-16,Neha,Bailey Road,2023
256,2024-06-06,Rani Singh,Honda Dio,105865,EMI,2024-06-18,Vikash,Boring Road,2022
257,2024-01-01,Suresh Sharma,Honda Dio,139334,UPI,2024-01-05,Deepa,Ashiana,2024
258,2025-01-23,Pooja Choudhary,Honda Dio,89038,UPI,2025-02-12,Deepa,Fraser Road,2024
259,2025-05-09,Suresh Singh,Honda Unicorn,148037,Cash,2025-05-23,Neha,Kankarbagh,2023
260,2025-03-16,Rani Kumar,Honda Shine,79312,EMI,2025-03-20,Vikash,Kankarbagh,2024
261,2024-02-15,Suresh Mishra,Honda Hornet,137362,UPI,2024-02-19,Rajeev,Bailey Road,2024
262,2024-06-04,Suman Gupta,Honda Hornet,118296,EMI,2024-06-19,Vikash,Patliputra,2023
263,2024-09-28,Rani Singh,Honda Hornet,124193,Card,2024-10-07,Ajay,Ashiana,2022
264,2024-05-18,Suman Thakur,Honda Activa,70527,UPI,2024-06-06,Neha,Boring Road,2023
265,2024-11-12,Kiran Sharma,Honda Dio,110642,EMI,2024-11-17,Neha,Bailey Road,2024
266,2024-11-08,Pooja Choudhary,Honda Hornet,105243,Cash,2024-11-10,Neha,Fraser Road,2022
267,2024-09-08,Ravi Kumar,Honda Shine,98249,Cash,2024-09-19,Deepa,Ashiana,2022
268,2024-10-27,Kiran Thakur,Honda Hornet,148427,Cash,2024-11-03,Neha,Bailey Road,2023
269,2024-05-24,Pooja Singh,Honda Shine,62513,Card,2024-05-31,Neha,Ashiana,2023
270,2024-10-19,Suresh Verma,Honda Dio,144433,Card,2024-10-30,Rajeev,Kankarbagh,2022
271,2024-08-27,Suresh Mishra,Honda Shine,103275,UPI,2024-09-03,Ajay,Bailey Road,2023
272,2024-03-12,Anjali Singh,Honda Hornet,101481,Cash,2024-03-29,Vikash,Bailey Road,2022
273,2025-04-08,Pooja Thakur,Honda Unicorn,140853,Cash,2025-04-09,Deepa,Kankarbagh,2023
274,2024-11-24,Anjali Yadav,Honda Activa,110912,UPI,2024-12-04,Neha,Fraser Road,2022
275,2025-01-02,Rani Verma,Honda Dio,79582,Cash,2025-01-05,Sunita,Kankarbagh,2022
276,2024-10-31,Ravi Mishra,Honda Activa,124896,EMI,2024-11-09,Sunita,Patliputra,2024
277,2024-11-01,Suresh Sharma,Honda Activa,137604,Cash,2024-11-15,Deepa,Bailey Road,2023
278,2024-06-29,Rani Kumar,Honda Dio,129925,EMI,2024-07-03,Rajeev,Fraser Road,2023
279,2024-07-13,Pooja Choudhary,Honda Dio,130205,Cash,2024-07-27,Vikash,Ashiana,2024
280,2025-04-30,Amit Choudhary,Honda Shine,122293,Cash,2025-05-10,Deepa,Kankarbagh,2023
281,2025-03-04,Pooja Verma,Honda Dio,125589,Cash,2025-03-24,Ajay,Bailey Road,2022
282,2024-11-04,Pooja Singh,Honda Hornet,75771,Cash,2024-11-10,Ajay,Patliputra,2023
283,2025-02-21,Kiran Yadav,Honda Unicorn,64517,UPI,2025-02-28,Sunita,Boring Road,2022
284,2024-04-30,Kiran Singh,Honda Unicorn,84329,Cash,2024-05-09,Vikash,Fraser Road,2022
285,2025-02-15,Anjali Sharma,Honda Shine,131991,UPI,2025-02-17,Ajay,Patliputra,2022
286,2024-01-16,Amit Gupta,Honda Hornet,138238,Card,2024-02-02,Sunita,Kankarbagh,2024
287,2024-05-19,Anjali Sharma,Honda Unicorn,114592,EMI,2024-05-21,Vikash,Boring Road,2024
288,2025-04-19,Pooja Choudhary,Honda Unicorn,143361,EMI,2025-04-22,Rajeev,Boring Road,2023
289,2025-05-15,Suresh Verma,Honda Unicorn,122152,EMI,2025-05-20,Ajay,Fraser Road,2022
290,2025-02-15,Pooja Verma,Honda Shine,119281,Card,2025-03-07,Neha,Ashiana,2023
291,2024-11-05,Rohit Kumar,Honda Shine,117488,Cash,2024-11-10,Neha,Boring Road,2024
292,2025-05-01,Kiran Verma,Honda Shine,144299,Cash,2025-05-13,Vikash,Kankarbagh,2024
293,2024-12-11,Rohit Choudhary,Honda Dio,123672,Cash,2024-12-26,Sunita,Patliputra,2022
294,2024-10-01,Rohit Mishra,Honda Dio,109573,Card,2024-10-21,Neha,Boring Road,2022
295,2025-03-13,Amit Jha,Honda Shine,83713,EMI,2025-03-24,Ajay,Fraser Road,2024
296,2025-06-04,Manish Singh,Honda Activa,83562,Card,2025-06-15,Vikash,Ashiana,2024
297,2024-09-03,Pooja Verma,Honda Dio,64874,Card,2024-09-12,Neha,Patliputra,2024
298,2024-12-16,Rani Verma,Honda Unicorn,74093,EMI,2024-12-22,Rajeev,Patliputra,2024
299,2024-03-28,Rohit Choudhary,Honda Activa,66339,UPI,2024-04-12,Sunita,Boring Road,2023
300,2024-06-30,Suresh Sharma,Honda Shine,73956,Cash,2024-07-07,Neha,Fraser Road,2022
301,2024-02-14,Ravi Kumar,Honda Shine,80395,UPI,2024-03-01,Rajeev,Patliputra,2022
302,2025-03-04,Rohit Choudhary,Honda Dio,105163,Cash,2025-03-14,Neha,Boring Road,2023
303,2024-04-10,Manish Verma,Honda Activa,88119,Card,2024-04-16,Sunita,Patliputra,2022
304,2024-07-17,Suresh Mishra,Honda Shine,147806,Card,2024-08-04,Vikash,Boring Road,2023
305,2024-08-18,Anjali Mishra,Honda Hornet,133925,Cash,2024-08-25,Deepa,Boring Road,2022
306,2024-04-02,Ravi Mishra,Honda Shine,65042,Cash,2024-04-17,Rajeev,Bailey Road,2024
307,2024-03-23,Kiran Thakur,Honda Activa,149016,EMI,2024-04-07,Neha,Patliputra,2024
308,2025-01-29,Suresh Sharma,Honda Activa,76351,Cash,2025-02-13,Vikash,Boring Road,2023
309,2025-03-06,Rohit Mishra,Honda Unicorn,117117,Card,2025-03-21,Neha,Kankarbagh,2022
310,2024-11-30,Kiran Verma,Honda Shine,72524,Card,2024-12-20,Sunita,Ashiana,2024
311,2025-04-21,Anjali Sharma,Honda Dio,141397,EMI,2025-04-29,Rajeev,Kankarbagh,2023
312,2024-10-08,Ravi Mishra,Honda Unicorn,66779,EMI,2024-10-12,Deepa,Kankarbagh,2023
313,2024-06-16,Anjali Mishra,Honda Activa,72542,Card,2024-06-28,Sunita,Ashiana,2024
314,2025-01-24,Kiran Kumar,Honda Shine,144573,EMI,2025-02-06,Vikash,Kankarbagh,2024
315,2024-05-08,Suman Verma,Honda Hornet,149980,UPI,2024-05-12,Rajeev,Kankarbagh,2023
316,2025-02-16,Kiran Verma,Honda Dio,77586,Card,2025-03-01,Sunita,Kankarbagh,2022
317,2025-02-10,Suman Verma,Honda Hornet,112911,UPI,2025-02-15,Rajeev,Patliputra,2024
318,2024-06-20,Ravi Verma,Honda Activa,134986,Card,2024-07-02,Neha,Kankarbagh,2022
319,2024-03-26,Ravi Gupta,Honda Unicorn,96887,Card,2024-04-14,Rajeev,Kankarbagh,2022
320,2024-07-25,Pooja Verma,Honda Shine,100550,EMI,2024-08-10,Vikash,Patliputra,2023
321,2024-06-26,Kiran Kumar,Honda Hornet,109755,Card,2024-07-11,Ajay,Ashiana,2023
322,2024-01-13,Rohit Sharma,Honda Dio,135978,UPI,2024-01-15,Deepa,Patliputra,2024
323,2024-05-13,Suresh Singh,Honda Unicorn,87836,UPI,2024-05-24,Rajeev,Patliputra,2023
324,2024-03-22,Pooja Choudhary,Honda Dio,107330,Cash,2024-03-28,Deepa,Fraser Road,2022
325,2025-06-03,Ravi Thakur,Honda Dio,93143,Cash,2025-06-13,Rajeev,Patliputra,2022
326,2024-05-26,Ravi Yadav,Honda Activa,138563,Cash,2024-06-07,Rajeev,Boring Road,2024
327,2025-04-16,Suresh Mishra,Honda Shine,96319,Card,2025-05-04,Ajay,Bailey Road,2022
328,2024-11-19,Kiran Thakur,Honda Dio,106659,Card,2024-11-20,Vikash,Boring Road,2023
329,2025-06-03,Pooja Thakur,Honda Unicorn,141046,EMI,2025-06-12,Rajeev,Fraser Road,2022
330,2024-11-04,Manish Verma,Honda Activa,135853,Cash,2024-11-12,Vikash,Boring Road,2022
331,2024-09-16,Manish Yadav,Honda Hornet,112202,EMI,2024-10-04,Rajeev,Patliputra,2022
332,2024-08-25,Kiran Verma,Honda Dio,72795,UPI,2024-08-26,Neha,Bailey Road,2022
333,2024-11-24,Anjali Thakur,Honda Unicorn,71321,UPI,2024-12-06,Rajeev,Patliputra,2024
334,2024-09-20,Pooja Thakur,Honda Hornet,148141,Card,2024-09-29,Ajay,Ashiana,2022
335,2024-06-06,Suresh Gupta,Honda Unicorn,146333,EMI,2024-06-25,Ajay,Ashiana,2022
336,2025-05-01,Pooja Jha,Honda Hornet,91518,Cash,2025-05-07,Sunita,Fraser Road,2022
337,2024-07-14,Suresh Yadav,Honda Unicorn,64218,Card,2024-07-27,Rajeev,Fraser Road,2022
338,2024-12-18,Pooja Thakur,Honda Hornet,110489,UPI,2024-12-31,Ajay,Boring Road,2024
339,2024-12-31,Amit Verma,Honda Activa,106074,EMI,2025-01-12,Deepa,Boring Road,2023
340,2025-05-09,Anjali Singh,Honda Shine,102330,Cash,2025-05-21,Ajay,Boring Road,2023
341,2024-03-12,Rohit Singh,Honda Activa,89173,Cash,2024-03-26,Sunita,Kankarbagh,2023
342,2025-04-19,Anjali Kumar,Honda Activa,118719,UPI,2025-05-07,Neha,Bailey Road,2024
343,2024-06-28,Pooja Kumar,Honda Activa,62046,Cash,2024-07-02,Ajay,Ashiana,2022
344,2024-04-24,Rohit Kumar,Honda Shine,136257,EMI,2024-04-29,Deepa,Patliputra,2024
345,2024-11-15,Suresh Choudhary,Honda Activa,87526,UPI,2024-11-28,Neha,Ashiana,2024
346,2024-06-25,Anjali Gupta,Honda Hornet,137307,Card,2024-07-04,Ajay,Kankarbagh,2022
347,2025-02-18,Rohit Choudhary,Honda Hornet,65258,Cash,2025-02-23,Neha,Fraser Road,2024
348,2024-01-16,Suresh Choudhary,Honda Unicorn,128544,UPI,2024-01-28,Rajeev,Boring Road,2023
349,2024-08-06,Suresh Choudhary,Honda Shine,135324,EMI,2024-08-26,Vikash,Bailey Road,2022
350,2024-06-08,Rohit Verma,Honda Hornet,124900,UPI,2024-06-16,Deepa,Patliputra,2023
351,2024-05-03,Anjali Gupta,Honda Unicorn,146550,Card,2024-05-08,Neha,Bailey Road,2022
352,2024-02-18,Kiran Sharma,Honda Dio,133777,Cash,2024-03-03,Ajay,Kankarbagh,2024
353,2025-02-23,Suresh Yadav,Honda Hornet,116198,EMI,2025-03-05,Neha,Fraser Road,2022
354,2025-01-19,Ravi Singh,Honda Unicorn,140178,UPI,2025-01-31,Neha,Patliputra,2024
355,2024-11-21,Manish Sharma,Honda Unicorn,103029,UPI,2024-11-24,Neha,Ashiana,2023
356,2025-05-25,Amit Mishra,Honda Unicorn,67450,Card,2025-06-03,Ajay,Ashiana,2022
357,2024-06-17,Rani Mishra,Honda Hornet,123024,EMI,2024-07-04,Sunita,Ashiana,2022
358,2024-10-04,Pooja Choudhary,Honda Shine,113565,Card,2024-10-18,Sunita,Bailey Road,2023
359,2024-02-08,Rohit Thakur,Honda Unicorn,128095,Cash,2024-02-16,Vikash,Ashiana,2022
360,2024-04-04,Suman Thakur,Honda Activa,133194,EMI,2024-04-24,Vikash,Bailey Road,2023
361,2024-04-19,Suman Choudhary,Honda Shine,111443,EMI,2024-04-22,Sunita,Fraser Road,2024
362,2024-07-04,Manish Mishra,Honda Dio,91173,EMI,2024-07-09,Ajay,Fraser Road,2023
363,2024-02-03,Rohit Mishra,Honda Activa,113101,Card,2024-02-10,Ajay,Fraser Road,2024
364,2024-04-21,Ravi Choudhary,Honda Dio,103263,EMI,2024-05-07,Sunita,Patliputra,2022
365,2024-07-26,Suman Singh,Honda Unicorn,85268,Card,2024-07-31,Ajay,Patliputra,2023
366,2024-05-17,Rohit Verma,Honda Dio,109008,UPI,2024-06-03,Rajeev,Fraser Road,2024
367,2025-01-01,Amit Yadav,Honda Hornet,130699,Cash,2025-01-13,Ajay,Fraser Road,2024
368,2024-02-18,Suresh Thakur,Honda Hornet,149008,Card,2024-03-08,Sunita,Bailey Road,2024
369,2025-01-19,Ravi Kumar,Honda Hornet,70268,Cash,2025-02-06,Rajeev,Kankarbagh,2024
370,2024-04-20,Pooja Sharma,Honda Hornet,118350,UPI,2024-04-27,Vikash,Boring Road,2023
371,2024-05-18,Rohit Choudhary,Honda Dio,81666,UPI,2024-05-20,Neha,Patliputra,2024
372,2025-04-19,Suman Gupta,Honda Shine,88784,EMI,2025-05-05,Vikash,Patliputra,2024
373,2025-02-11,Anjali Singh,Honda Shine,91584,UPI,2025-02-28,Vikash,Boring Road,2023
374,2024-03-07,Ravi Kumar,Honda Shine,68234,Card,2024-03-25,Neha,Patliputra,2022
375,2024-09-09,Anjali Singh,Honda Unicorn,140432,EMI,2024-09-24,Neha,Fraser Road,2022
376,2024-04-18,Rohit Choudhary,Honda Hornet,131471,Card,2024-04-23,Sunita,Bailey Road,2024
377,2025-04-24,Anjali Jha,Honda Dio,71390,Cash,2025-05-07,Sunita,Bailey Road,2023
378,2024-08-25,Amit Singh,Honda Hornet,114678,Cash,2024-09-06,Sunita,Bailey Road,2022
379,2024-05-04,Suresh Yadav,Honda Dio,91619,Cash,2024-05-11,Sunita,Kankarbagh,2023
380,2024-07-27,Kiran Sharma,Honda Unicorn,98344,Card,2024-07-28,Ajay,Boring Road,2024
381,2025-02-06,Anjali Choudhary,Honda Dio,131567,UPI,2025-02-26,Ajay,Patliputra,2023
382,2024-02-19,Anjali Jha,Honda Unicorn,138795,EMI,2024-03-05,Vikash,Boring Road,2023
383,2024-11-04,Rani Mishra,Honda Hornet,80233,Cash,2024-11-08,Deepa,Kankarbagh,2022
384,2024-06-06,Suman Thakur,Honda Unicorn,130958,UPI,2024-06-21,Deepa,Boring Road,2023
385,2024-10-17,Ravi Jha,Honda Dio,135080,Cash,2024-10-22,Deepa,Boring Road,2023
386,2024-07-24,Suman Mishra,Honda Hornet,72164,Cash,2024-08-04,Vikash,Boring Road,2022
387,2025-02-21,Anjali Jha,Honda Unicorn,91353,EMI,2025-02-22,Vikash,Kankarbagh,2022
388,2024-04-19,Suresh Thakur,Honda Unicorn,148222,UPI,2024-04-21,Sunita,Kankarbagh,2022
389,2024-05-23,Ravi Kumar,Honda Unicorn,99025,Cash,2024-05-25,Rajeev,Boring Road,2022
390,2025-05-29,Rohit Mishra,Honda Unicorn,93926,UPI,2025-06-08,Deepa,Boring Road,2024
391,2024-09-05,Rohit Choudhary,Honda Activa,117788,UPI,2024-09-25,Sunita,Patliputra,2022
392,2025-02-03,Anjali Verma,Honda Shine,92805,Card,2025-02-17,Rajeev,Fraser Road,2024
393,2025-03-23,Rohit Jha,Honda Dio,67174,EMI,2025-04-02,Rajeev,Bailey Road,2022
394,2024-07-10,Rohit Kumar,Honda Unicorn,104037,EMI,2024-07-17,Rajeev,Fraser Road,2022
395,2024-03-12,Suman Choudhary,Honda Dio,61863,Card,2024-03-19,Neha,Boring Road,2023
396,2025-05-20,Rani Verma,Honda Dio,85657,Cash,2025-05-28,Sunita,Boring Road,2022
397,2025-05-01,Rohit Kumar,Honda Dio,92747,Cash,2025-05-16,Sunita,Kankarbagh,2024
398,2024-01-25,Ravi Choudhary,Honda Activa,120360,Card,2024-02-04,Vikash,Fraser Road,2023
399,2025-04-21,Suman Choudhary,Honda Activa,61579,Card,2025-05-11,Rajeev,Fraser Road,2024
400,2024-07-03,Pooja Choudhary,Honda Hornet,84438,Cash,2024-07-09,Ajay,Kankarbagh,2023
401,2024-10-03,Anjali Kumar,Honda Activa,64142,EMI,2024-10-17,Rajeev,Kankarbagh,2024
402,2024-10-27,Pooja Singh,Honda Dio,88158,EMI,2024-11-09,Neha,Fraser Road,2022
403,2024-02-01,Anjali Choudhary,Honda Shine,138912,EMI,2024-02-20,Rajeev,Boring Road,2024
404,2024-02-06,Manish Verma,Honda Unicorn,77254,Card,2024-02-20,Neha,Kankarbagh,2022
405,2024-10-22,Anjali Verma,Honda Activa,145712,Cash,2024-11-05,Deepa,Ashiana,2023
406,2025-04-21,Rohit Mishra,Honda Unicorn,143289,UPI,2025-05-01,Ajay,Ashiana,2022
407,2024-07-27,Suresh Verma,Honda Hornet,89906,Cash,2024-08-06,Rajeev,Boring Road,2022
408,2024-06-08,Suman Choudhary,Honda Dio,110944,Cash,2024-06-19,Vikash,Fraser Road,2023
409,2025-04-08,Rani Singh,Honda Hornet,116325,UPI,2025-04-11,Sunita,Ashiana,2024
410,2024-03-24,Anjali Sharma,Honda Activa,69371,EMI,2024-03-28,Deepa,Kankarbagh,2024
411,2024-10-03,Pooja Mishra,Honda Activa,145310,Card,2024-10-10,Vikash,Boring Road,2022
412,2025-02-11,Amit Yadav,Honda Shine,143126,Cash,2025-02-16,Deepa,Ashiana,2024
413,2025-01-23,Amit Mishra,Honda Activa,117049,Cash,2025-01-26,Rajeev,Kankarbagh,2023
414,2025-06-06,Pooja Kumar,Honda Shine,90193,Cash,2025-06-07,Sunita,Bailey Road,2024
415,2024-04-28,Suman Choudhary,Honda Shine,70946,Card,2024-05-01,Neha,Bailey Road,2024
416,2024-02-05,Suresh Verma,Honda Unicorn,99363,UPI,2024-02-18,Vikash,Patliputra,2022
417,2025-04-27,Pooja Sharma,Honda Dio,110252,Card,2025-05-09,Neha,Kankarbagh,2023
418,2024-01-22,Manish Yadav,Honda Shine,129817,EMI,2024-01-28,Ajay,Boring Road,2023
419,2024-08-28,Rohit Singh,Honda Hornet,99439,Card,2024-08-29,Rajeev,Kankarbagh,2022
420,2024-06-28,Pooja Verma,Honda Activa,126421,Card,2024-07-04,Ajay,Ashiana,2022
421,2024-08-29,Ravi Yadav,Honda Hornet,123297,EMI,2024-09-10,Vikash,Fraser Road,2022
422,2024-03-04,Suresh Choudhary,Honda Hornet,109479,Cash,2024-03-11,Neha,Patliputra,2023
423,2025-01-29,Pooja Yadav,Honda Unicorn,60065,EMI,2025-02-14,Deepa,Fraser Road,2023
424,2024-03-17,Rohit Choudhary,Honda Shine,137660,UPI,2024-03-25,Sunita,Kankarbagh,2022
425,2024-08-02,Ravi Thakur,Honda Dio,109931,UPI,2024-08-18,Neha,Bailey Road,2023
426,2023-12-18,Manish Sharma,Honda Unicorn,63171,Card,2024-01-02,Neha,Kankarbagh,2022
427,2025-01-30,Pooja Kumar,Honda Unicorn,107315,Cash,2025-02-07,Deepa,Boring Road,2023
428,2024-09-25,Ravi Yadav,Honda Dio,129246,UPI,2024-10-01,Vikash,Ashiana,2024
429,2024-09-04,Anjali Mishra,Honda Unicorn,96176,EMI,2024-09-08,Neha,Fraser Road,2022
430,2024-10-29,Kiran Yadav,Honda Shine,84256,Cash,2024-11-16,Rajeev,Patliputra,2022
431,2024-09-07,Rohit Yadav,Honda Shine,76480,UPI,2024-09-11,Sunita,Patliputra,2024
432,2025-05-15,Rani Sharma,Honda Activa,73500,EMI,2025-05-16,Sunita,Fraser Road,2022
433,2025-02-05,Rani Kumar,Honda Shine,147677,Cash,2025-02-19,Sunita,Bailey Road,2023
434,2024-07-19,Rohit Jha,Honda Activa,132655,Card,2024-08-03,Ajay,Fraser Road,2022
435,2024-12-26,Suman Singh,Honda Unicorn,134561,Cash,2025-01-14,Sunita,Kankarbagh,2023
436,2024-01-23,Pooja Kumar,Honda Shine,77178,Card,2024-01-28,Vikash,Bailey Road,2023
437,2025-05-30,Suman Sharma,Honda Dio,65950,Cash,2025-06-03,Vikash,Boring Road,2023
438,2024-07-24,Rani Jha,Honda Shine,147568,UPI,2024-08-13,Sunita,Fraser Road,2024
439,2025-01-31,Suman Jha,Honda Unicorn,96210,Card,2025-02-09,Deepa,Ashiana,2022
440,2024-08-11,Ravi Mishra,Honda Activa,97311,Cash,2024-08-31,Rajeev,Ashiana,2024
441,2024-01-21,Anjali Yadav,Honda Dio,131415,UPI,2024-01-25,Deepa,Patliputra,2024
442,2024-09-20,Suman Mishra,Honda Activa,73479,Cash,2024-09-26,Vikash,Boring Road,2022
443,2024-07-29,Ravi Singh,Honda Hornet,96991,UPI,2024-08-15,Deepa,Kankarbagh,2023
444,2024-02-24,Pooja Sharma,Honda Hornet,71371,EMI,2024-02-26,Deepa,Boring Road,2022
445,2024-02-15,Manish Yadav,Honda Shine,81663,Cash,2024-02-28,Sunita,Ashiana,2022
446,2025-01-11,Amit Gupta,Honda Shine,90239,UPI,2025-01-17,Deepa,Fraser Road,2024
447,2024-06-12,Rani Jha,Honda Activa,144344,EMI,2024-06-20,Neha,Kankarbagh,2023
448,2024-02-01,Amit Gupta,Honda Shine,99856,EMI,2024-02-06,Neha,Fraser Road,2024
449,2024-06-11,Suman Jha,Honda Shine,134050,Cash,2024-06-17,Deepa,Ashiana,2023
450,2025-02-10,Suresh Thakur,Honda Dio,80355,UPI,2025-02-11,Rajeev,Boring Road,2024
451,2024-05-07,Rani Gupta,Honda Activa,121326,UPI,2024-05-13,Neha,Ashiana,2024
452,2024-02-03,Suresh Singh,Honda Hornet,143977,Cash,2024-02-22,Rajeev,Bailey Road,2024
453,2025-03-11,Suman Verma,Honda Hornet,101703,Card,2025-03-17,Vikash,Ashiana,2022
454,2024-02-28,Anjali Sharma,Honda Dio,94640,Cash,2024-03-14,Neha,Ashiana,2022
455,2024-07-25,Kiran Gupta,Honda Unicorn,120018,Card,2024-08-06,Deepa,Fraser Road,2023
456,2024-08-19,Ravi Thakur,Honda Dio,89034,Cash,2024-08-20,Ajay,Fraser Road,2024
457,2024-02-29,Suman Jha,Honda Shine,65508,UPI,2024-03-12,Rajeev,Boring Road,2024
458,2025-01-06,Anjali Jha,Honda Shine,71058,UPI,2025-01-13,Neha,Patliputra,2022
459,2024-12-17,Suresh Singh,Honda Shine,116919,Card,2025-01-06,Deepa,Ashiana,2023
460,2024-08-09,Rohit Thakur,Honda Hornet,137169,Card,2024-08-22,Sunita,Bailey Road,2023
461,2024-09-23,Manish Thakur,Honda Hornet,65647,Card,2024-10-01,Neha,Ashiana,2024
462,2024-10-15,Manish Jha,Honda Shine,130908,Card,2024-10-31,Vikash,Patliputra,2024
463,2024-10-07,Ravi Singh,Honda Hornet,115257,EMI,2024-10-11,Ajay,Patliputra,2024
464,2024-02-21,Suman Choudhary,Honda Hornet,119947,Cash,2024-03-11,Neha,Fraser Road,2024
465,2024-01-15,Amit Jha,Honda Hornet,69090,Cash,2024-02-02,Sunita,Fraser Road,2023
466,2024-12-07,Kiran Gupta,Honda Hornet,106720,Cash,2024-12-09,Ajay,Kankarbagh,2022
467,2024-01-17,Pooja Kumar,Honda Hornet,73339,EMI,2024-01-25,Neha,Fraser Road,2023
468,2024-01-23,Suman Yadav,Honda Dio,119814,EMI,2024-02-10,Rajeev,Fraser Road,2022
469,2024-07-01,Rani Mishra,Honda Activa,60297,EMI,2024-07-04,Vikash,Boring Road,2024
470,2024-03-08,Kiran Singh,Honda Dio,101550,EMI,2024-03-21,Sunita,Ashiana,2024
471,2024-11-02,Rohit Jha,Honda Dio,142094,UPI,2024-11-12,Ajay,Kankarbagh,2022
472,2025-01-03,Kiran Yadav,Honda Unicorn,94496,Card,2025-01-10,Sunita,Fraser Road,2022
473,2025-01-11,Pooja Sharma,Honda Unicorn,90417,UPI,2025-01-25,Neha,Kankarbagh,2024
474,2024-10-26,Rohit Yadav,Honda Hornet,90951,EMI,2024-11-15,Sunita,Kankarbagh,2023
475,2024-10-14,Rani Sharma,Honda Shine,146012,EMI,2024-10-17,Ajay,Boring Road,2024
476,2025-02-27,Suman Mishra,Honda Unicorn,81153,Cash,2025-03-05,Neha,Kankarbagh,2022
477,2025-02-17,Suresh Yadav,Honda Shine,99902,Cash,2025-03-05,Ajay,Bailey Road,2024
478,2024-09-07,Rohit Thakur,Honda Dio,61519,UPI,2024-09-25,Ajay,Fraser Road,2022
479,2025-03-06,Rohit Verma,Honda Hornet,130716,Card,2025-03-14,Vikash,Bailey Road,2024
480,2024-07-20,Manish Singh,Honda Shine,95853,UPI,2024-08-01,Neha,Patliputra,2024
481,2024-02-16,Amit Jha,Honda Activa,148201,EMI,2024-03-05,Vikash,Boring Road,2023
482,2025-02-25,Manish Sharma,Honda Dio,142378,UPI,2025-03-16,Neha,Fraser Road,2023
483,2024-03-19,Suman Thakur,Honda Unicorn,77369,UPI,2024-03-30,Ajay,Kankarbagh,2022
484,2024-05-25,Rohit Singh,Honda Hornet,106576,Cash,2024-06-08,Rajeev,Boring Road,2022
485,2024-01-29,Pooja Singh,Honda Unicorn,132220,UPI,2024-02-07,Vikash,Bailey Road,2022
486,2024-03-06,Ravi Jha,Honda Hornet,85895,Cash,2024-03-15,Rajeev,Fraser Road,2023
487,2024-07-26,Ravi Kumar,Honda Hornet,72847,EMI,2024-08-01,Deepa,Kankarbagh,2023
488,2024-07-10,Pooja Sharma,Honda Activa,138269,Cash,2024-07-17,Ajay,Fraser Road,2023
489,2024-12-24,Rani Gupta,Honda Dio,68292,UPI,2024-12-30,Deepa,Patliputra,2023
490,2023-12-28,Rani Gupta,Honda Dio,86077,EMI,2024-01-04,Deepa,Bailey Road,2022
491,2024-11-09,Pooja Gupta,Honda Shine,112983,UPI,2024-11-25,Ajay,Fraser Road,2024
492,2025-03-28,Ravi Verma,Honda Hornet,134124,Card,2025-04-16,Neha,Kankarbagh,2023
493,2025-03-22,Rani Kumar,Honda Shine,137583,UPI,2025-04-11,Vikash,Patliputra,2022
494,2025-04-16,Ravi Kumar,Honda Dio,65516,EMI,2025-04-21,Ajay,Patliputra,2023
495,2025-02-10,Suman Jha,Honda Hornet,93384,UPI,2025-02-20,Vikash,Kankarbagh,2024
496,2024-05-29,Rani Choudhary,Honda Activa,147046,Cash,2024-06-12,Ajay,Kankarbagh,2024
497,2025-06-08,Manish Verma,Honda Hornet,113215,Cash,2025-06-19,Deepa,Patliputra,2023
498,2024-03-14,Pooja Kumar,Honda Shine,126973,UPI,2024-03-28,Neha,Bailey Road,2024
499,2025-02-17,Suman Mishra,Honda Unicorn,110420,Cash,2025-03-02,Vikash,Fraser Road,2023
500,2024-09-07,Kiran Mishra,Honda Shine,108369,EMI,2024-09-18,Neha,Bailey Road,2022
501,2024-02-06,Suman Mishra,Honda Activa,149066,EMI,2024-02-15,Neha,Patliputra,2023
502,2025-03-06,Rohit Jha,Honda Activa,108314,Card,2025-03-16,Neha,Patliputra,2023
503,2024-10-29,Kiran Kumar,Honda Activa,61826,EMI,2024-11-02,Ajay,Boring Road,2023
504,2024-02-08,Manish Kumar,Honda Dio,93821,Card,2024-02-14,Rajeev,Patliputra,2023
505,2024-11-29,Rohit Sharma,Honda Hornet,62765,Cash,2024-12-13,Rajeev,Bailey Road,2023
506,2024-07-22,Rani Choudhary,Honda Dio,93177,Cash,2024-07-27,Rajeev,Patliputra,2024
507,2024-07-18,Anjali Thakur,Honda Unicorn,117402,EMI,2024-07-29,Ajay,Ashiana,2022
508,2025-05-29,Amit Sharma,Honda Dio,65651,Cash,2025-06-05,Ajay,Patliputra,2022
509,2024-01-22,Suman Singh,Honda Shine,137722,EMI,2024-02-05,Vikash,Boring Road,2023
510,2024-08-22,Ravi Kumar,Honda Dio,99194,Cash,2024-09-07,Deepa,Ashiana,2023
511,2024-04-15,Kiran Singh,Honda Dio,140454,Cash,2024-04-23,Deepa,Boring Road,2023
512,2025-04-05,Ravi Verma,Honda Dio,96400,EMI,2025-04-24,Neha,Fraser Road,2022
513,2024-10-17,Pooja Yadav,Honda Activa,119316,Card,2024-11-05,Neha,Kankarbagh,2022
514,2024-05-09,Rani Kumar,Honda Unicorn,88679,Cash,2024-05-15,Vikash,Boring Road,2024
515,2025-02-19,Ravi Yadav,Honda Activa,103997,UPI,2025-02-28,Ajay,Bailey Road,2023
516,2024-05-11,Kiran Mishra,Honda Activa,108236,Cash,2024-05-27,Neha,Kankarbagh,2022
517,2024-06-17,Rani Thakur,Honda Shine,68292,Cash,2024-06-27,Rajeev,Patliputra,2022
518,2024-08-27,Pooja Mishra,Honda Unicorn,134620,UPI,2024-09-12,Deepa,Boring Road,2022
519,2024-10-26,Rani Sharma,Honda Unicorn,61653,Cash,2024-11-07,Rajeev,Kankarbagh,2023
520,2024-07-25,Suman Kumar,Honda Hornet,69967,Cash,2024-07-31,Vikash,Ashiana,2022
521,2023-12-29,Suman Thakur,Honda Unicorn,103453,EMI,2024-01-14,Ajay,Boring Road,2022
522,2024-11-28,Rohit Singh,Honda Shine,120904,EMI,2024-12-08,Neha,Ashiana,2022
523,2024-08-05,Amit Verma,Honda Dio,112391,EMI,2024-08-18,Ajay,Kankarbagh,2022
524,2024-03-04,Amit Singh,Honda Hornet,139422,EMI,2024-03-21,Deepa,Kankarbagh,2024
525,2024-11-21,Anjali Kumar,Honda Shine,135214,EMI,2024-12-01,Sunita,Boring Road,2022
526,2024-01-24,Suman Gupta,Honda Shine,149477,Cash,2024-02-12,Rajeev,Bailey Road,2022
527,2025-01-14,Rani Verma,Honda Activa,94068,UPI,2025-01-15,Sunita,Boring Road,2024
528,2024-05-01,Pooja Mishra,Honda Unicorn,140433,Card,2024-05-06,Ajay,Patliputra,2022
529,2025-03-06,Amit Mishra,Honda Activa,141457,Cash,2025-03-22,Deepa,Patliputra,2023
530,2024-06-03,Rohit Choudhary,Honda Shine,140142,Card,2024-06-06,Ajay,Boring Road,2023
531,2025-05-25,Pooja Yadav,Honda Activa,138598,EMI,2025-06-04,Neha,Boring Road,2024
532,2024-05-28,Rohit Singh,Honda Dio,134897,UPI,2024-06-13,Rajeev,Fraser Road,2023
533,2024-01-09,Pooja Kumar,Honda Activa,138855,Cash,2024-01-25,Vikash,Ashiana,2022
534,2024-09-30,Amit Sharma,Honda Shine,128116,Cash,2024-10-15,Vikash,Bailey Road,2024
535,2024-04-07,Suresh Sharma,Honda Shine,82555,UPI,2024-04-08,Ajay,Patliputra,2022
536,2024-02-06,Amit Verma,Honda Hornet,126190,Cash,2024-02-22,Vikash,Kankarbagh,2024
537,2024-01-08,Kiran Thakur,Honda Dio,87418,Cash,2024-01-21,Rajeev,Fraser Road,2023
538,2025-02-18,Pooja Thakur,Honda Activa,121908,EMI,2025-03-07,Vikash,Kankarbagh,2023
539,2024-01-21,Amit Sharma,Honda Shine,124285,UPI,2024-01-28,Rajeev,Boring Road,2023
540,2024-12-17,Anjali Jha,Honda Dio,122824,UPI,2024-12-27,Neha,Ashiana,2022
541,2024-11-13,Anjali Gupta,Honda Dio,121808,UPI,2024-11-16,Deepa,Kankarbagh,2023
542,2025-03-05,Rani Yadav,Honda Dio,83258,UPI,2025-03-16,Sunita,Fraser Road,2023
543,2025-02-10,Suresh Yadav,Honda Dio,129010,Card,2025-02-16,Ajay,Kankarbagh,2022
544,2024-11-16,Suresh Verma,Honda Unicorn,130254,Cash,2024-11-26,Neha,Bailey Road,2023
545,2024-12-14,Suman Singh,Honda Dio,145894,Card,2024-12-26,Neha,Ashiana,2022
546,2024-10-02,Kiran Mishra,Honda Hornet,80510,Card,2024-10-05,Sunita,Kankarbagh,2022
547,2025-01-15,Rohit Kumar,Honda Activa,60369,UPI,2025-01-28,Vikash,Boring Road,2023
548,2024-08-18,Suresh Sharma,Honda Dio,147754,UPI,2024-08-21,Ajay,Kankarbagh,2023
549,2024-10-13,Rani Choudhary,Honda Unicorn,63534,Card,2024-10-30,Sunita,Fraser Road,2024
550,2024-01-13,Amit Gupta,Honda Dio,80363,Cash,2024-01-17,Vikash,Fraser Road,2022
551,2024-03-13,Rohit Mishra,Honda Activa,101129,EMI,2024-03-31,Vikash,Ashiana,2022
552,2024-10-29,Anjali Mishra,Honda Dio,98233,Cash,2024-11-03,Ajay,Ashiana,2023
553,2024-08-21,Suman Gupta,Honda Dio,61948,UPI,2024-09-08,Sunita,Patliputra,2023
554,2024-12-04,Suresh Jha,Honda Dio,71601,UPI,2024-12-05,Deepa,Kankarbagh,2024
555,2024-06-02,Amit Kumar,Honda Activa,117813,Cash,2024-06-13,Deepa,Ashiana,2024
556,2024-09-02,Pooja Mishra,Honda Activa,64968,Card,2024-09-21,Vikash,Kankarbagh,2023
557,2025-04-20,Amit Choudhary,Honda Unicorn,63720,Card,2025-04-23,Rajeev,Kankarbagh,2023
558,2024-05-02,Manish Singh,Honda Unicorn,93189,UPI,2024-05-21,Sunita,Patliputra,2023
559,2025-03-09,Rani Yadav,Honda Hornet,90550,Cash,2025-03-24,Vikash,Bailey Road,2023
560,2024-01-03,Suresh Mishra,Honda Shine,145043,Cash,2024-01-19,Deepa,Bailey Road,2024
561,2025-04-24,Manish Singh,Honda Unicorn,143793,UPI,2025-05-04,Rajeev,Patliputra,2023
562,2024-08-27,Kiran Mishra,Honda Shine,123104,Card,2024-09-15,Deepa,Ashiana,2024
563,2025-02-26,Suresh Verma,Honda Dio,88118,UPI,2025-02-27,Vikash,Fraser Road,2022
564,2025-05-03,Kiran Gupta,Honda Unicorn,142009,Cash,2025-05-08,Ajay,Boring Road,2024
565,2024-06-07,Manish Jha,Honda Unicorn,89506,UPI,2024-06-13,Rajeev,Patliputra,2024
566,2024-11-19,Amit Singh,Honda Shine,76684,UPI,2024-11-24,Deepa,Bailey Road,2023
567,2024-12-29,Anjali Jha,Honda Shine,122418,UPI,2025-01-01,Deepa,Kankarbagh,2024
568,2024-10-23,Suresh Gupta,Honda Activa,92720,Card,2024-11-10,Sunita,Kankarbagh,2023
569,2024-04-21,Pooja Singh,Honda Unicorn,100106,EMI,2024-05-11,Rajeev,Bailey Road,2024
570,2025-02-11,Pooja Jha,Honda Shine,104208,Cash,2025-02-21,Deepa,Ashiana,2023
571,2025-01-18,Suresh Kumar,Honda Hornet,66342,EMI,2025-01-27,Deepa,Patliputra,2022
572,2025-03-12,Rani Verma,Honda Activa,122742,Card,2025-03-15,Ajay,Bailey Road,2022
573,2024-05-14,Pooja Kumar,Honda Activa,89792,Card,2024-05-25,Sunita,Bailey Road,2023
574,2025-01-11,Rani Sharma,Honda Dio,62132,Cash,2025-01-16,Neha,Ashiana,2024
575,2025-02-14,Ravi Verma,Honda Unicorn,106721,Cash,2025-02-19,Neha,Patliputra,2023
576,2024-12-19,Suman Kumar,Honda Unicorn,73719,EMI,2024-12-21,Neha,Patliputra,2022
577,2024-08-21,Pooja Choudhary,Honda Hornet,99358,UPI,2024-09-01,Deepa,Ashiana,2022
578,2024-11-11,Amit Verma,Honda Shine,63221,Card,2024-11-19,Vikash,Kankarbagh,2022
579,2025-01-01,Suman Yadav,Honda Activa,65721,UPI,2025-01-02,Vikash,Patliputra,2022
580,2024-10-09,Amit Singh,Honda Hornet,81396,UPI,2024-10-18,Vikash,Fraser Road,2023
581,2025-05-08,Suman Sharma,Honda Shine,104321,UPI,2025-05-28,Sunita,Kankarbagh,2024
582,2025-03-26,Manish Yadav,Honda Activa,130361,UPI,2025-04-04,Ajay,Bailey Road,2023
583,2023-12-21,Rani Jha,Honda Unicorn,88561,UPI,2024-01-07,Neha,Kankarbagh,2023
584,2024-01-20,Kiran Sharma,Honda Dio,140724,Cash,2024-01-27,Neha,Ashiana,2023
585,2024-03-04,Rani Choudhary,Honda Activa,66530,UPI,2024-03-11,Rajeev,Boring Road,2024
586,2024-03-01,Rohit Sharma,Honda Activa,147332,EMI,2024-03-16,Rajeev,Boring Road,2023
587,2024-09-03,Manish Choudhary,Honda Shine,128809,Cash,2024-09-18,Neha,Boring Road,2023
588,2025-06-01,Rohit Sharma,Honda Dio,137635,UPI,2025-06-20,Ajay,Patliputra,2022
589,2024-06-23,Rohit Kumar,Honda Dio,113573,Card,2024-07-06,Deepa,Fraser Road,2023
590,2024-09-22,Kiran Verma,Honda Unicorn,131449,EMI,2024-10-07,Rajeev,Boring Road,2024
591,2024-08-18,Anjali Singh,Honda Activa,123051,Cash,2024-08-19,Ajay,Ashiana,2024
592,2025-04-05,Amit Choudhary,Honda Dio,96103,UPI,2025-04-14,Vikash,Kankarbagh,2024
593,2025-03-28,Anjali Sharma,Honda Unicorn,70543,Cash,2025-04-17,Neha,Ashiana,2023
594,2024-09-17,Anjali Kumar,Honda Activa,131644,EMI,2024-09-20,Vikash,Bailey Road,2023
595,2025-01-07,Pooja Choudhary,Honda Shine,116325,EMI,2025-01-09,Vikash,Ashiana,2024
596,2025-01-15,Rohit Yadav,Honda Unicorn,80537,Card,2025-01-31,Sunita,Patliputra,2024
597,2024-06-20,Anjali Sharma,Honda Unicorn,93132,Cash,2024-07-01,Neha,Boring Road,2022
598,2024-03-27,Ravi Mishra,Honda Unicorn,68123,Cash,2024-03-29,Rajeev,Fraser Road,2023
599,2024-01-31,Pooja Singh,Honda Activa,67563,Cash,2024-02-19,Sunita,Boring Road,2022
600,2024-12-18,Kiran Singh,Honda Hornet,121790,Card,2024-12-20,Neha,Ashiana,2024
601,2024-04-04,Rani Choudhary,Honda Shine,108260,EMI,2024-04-20,Rajeev,Boring Road,2024
602,2024-11-15,Kiran Choudhary,Honda Dio,118274,Card,2024-11-29,Rajeev,Boring Road,2023
603,2024-11-18,Rani Sharma,Honda Activa,84162,EMI,2024-12-05,Neha,Patliputra,2023
604,2024-02-18,Suman Choudhary,Honda Unicorn,97940,EMI,2024-02-19,Neha,Fraser Road,2023
605,2025-06-06,Suman Thakur,Honda Activa,116759,UPI,2025-06-09,Deepa,Patliputra,2024
606,2023-12-24,Amit Singh,Honda Activa,83917,Cash,2024-01-11,Deepa,Ashiana,2024
607,2024-06-21,Ravi Choudhary,Honda Hornet,112715,EMI,2024-06-25,Rajeev,Kankarbagh,2023
608,2024-12-18,Anjali Sharma,Honda Hornet,122819,Cash,2025-01-04,Rajeev,Patliputra,2023
609,2024-06-19,Suresh Singh,Honda Activa,106781,EMI,2024-06-30,Vikash,Ashiana,2022
610,2025-04-22,Suresh Yadav,Honda Hornet,78846,EMI,2025-05-11,Sunita,Patliputra,2023
611,2024-07-18,Suman Sharma,Honda Unicorn,66360,Cash,2024-08-05,Ajay,Fraser Road,2024
612,2025-06-11,Pooja Yadav,Honda Activa,67319,EMI,2025-06-12,Deepa,Kankarbagh,2022
613,2024-07-06,Rani Kumar,Honda Hornet,81959,EMI,2024-07-15,Rajeev,Fraser Road,2023
614,2024-06-17,Kiran Verma,Honda Activa,63993,UPI,2024-07-03,Ajay,Bailey Road,2022
615,2025-01-21,Rohit Sharma,Honda Activa,127801,Card,2025-02-03,Deepa,Patliputra,2024
616,2024-05-29,Amit Mishra,Honda Unicorn,80327,UPI,2024-06-18,Deepa,Ashiana,2022
617,2024-02-17,Suman Mishra,Honda Shine,125397,UPI,2024-02-23,Sunita,Bailey Road,2022
618,2024-11-24,Amit Kumar,Honda Dio,95737,Card,2024-12-14,Vikash,Kankarbagh,2022
619,2024-11-09,Kiran Singh,Honda Dio,141874,Card,2024-11-18,Sunita,Fraser Road,2023
620,2025-05-23,Suman Mishra,Honda Shine,83830,Card,2025-05-25,Rajeev,Ashiana,2022
621,2024-08-30,Amit Thakur,Honda Activa,111155,Card,2024-09-17,Vikash,Ashiana,2023
622,2024-06-07,Rani Singh,Honda Activa,122803,EMI,2024-06-19,Vikash,Patliputra,2022
623,2024-03-02,Pooja Yadav,Honda Dio,70157,EMI,2024-03-15,Vikash,Patliputra,2022
624,2024-09-24,Suman Choudhary,Honda Dio,108037,Cash,2024-09-25,Ajay,Boring Road,2023
625,2024-01-02,Ravi Mishra,Honda Shine,78908,EMI,2024-01-03,Rajeev,Ashiana,2023
626,2024-09-22,Pooja Mishra,Honda Activa,118944,EMI,2024-10-04,Ajay,Kankarbagh,2022
627,2024-12-12,Suman Gupta,Honda Activa,102288,Card,2024-12-14,Rajeev,Kankarbagh,2022
628,2024-03-17,Suresh Sharma,Honda Unicorn,85475,UPI,2024-04-06,Sunita,Patliputra,2024
629,2024-09-15,Rohit Thakur,Honda Dio,89452,Card,2024-09-26,Ajay,Patliputra,2024
630,2025-01-02,Kiran Mishra,Honda Dio,85554,UPI,2025-01-22,Vikash,Ashiana,2022
631,2024-01-08,Ravi Jha,Honda Unicorn,69273,Card,2024-01-16,Sunita,Bailey Road,2024
632,2024-02-25,Rani Thakur,Honda Unicorn,139242,Card,2024-03-09,Rajeev,Ashiana,2024
633,2025-01-13,Anjali Mishra,Honda Hornet,108450,EMI,2025-01-16,Deepa,Ashiana,2024
634,2024-02-08,Suresh Sharma,Honda Dio,66471,UPI,2024-02-23,Rajeev,Bailey Road,2024
635,2025-02-10,Ravi Verma,Honda Dio,98772,Card,2025-02-22,Vikash,Patliputra,2023
636,2024-01-18,Pooja Choudhary,Honda Shine,78783,EMI,2024-01-30,Rajeev,Ashiana,2023
637,2024-08-09,Kiran Yadav,Honda Activa,71440,Card,2024-08-10,Deepa,Fraser Road,2024
638,2024-09-23,Rani Yadav,Honda Unicorn,140697,Card,2024-09-30,Ajay,Boring Road,2023
639,2024-09-24,Amit Choudhary,Honda Dio,79376,Cash,2024-09-27,Deepa,Bailey Road,2024
640,2025-04-01,Manish Kumar,Honda Hornet,67316,Cash,2025-04-04,Vikash,Ashiana,2024
641,2024-04-06,Rani Mishra,Honda Hornet,69049,Cash,2024-04-21,Neha,Patliputra,2024
642,2024-07-28,Rani Jha,Honda Hornet,147823,Card,2024-07-29,Vikash,Patliputra,2024
643,2025-02-20,Kiran Yadav,Honda Unicorn,149101,EMI,2025-02-27,Ajay,Bailey Road,2023
644,2024-09-04,Manish Thakur,Honda Hornet,94511,UPI,2024-09-22,Ajay,Bailey Road,2024
645,2025-05-31,Pooja Singh,Honda Dio,90277,Card,2025-06-01,Ajay,Bailey Road,2024
646,2025-03-12,Suman Choudhary,Honda Dio,127381,EMI,2025-03-13,Rajeev,Kankarbagh,2023
647,2024-10-12,Rohit Sharma,Honda Shine,96606,Card,2024-10-28,Sunita,Kankarbagh,2024
648,2025-03-05,Suresh Sharma,Honda Dio,118450,EMI,2025-03-20,Rajeev,Bailey Road,2024
649,2025-02-11,Manish Mishra,Honda Dio,126890,UPI,2025-02-13,Rajeev,Bailey Road,2023
650,2025-01-24,Rohit Yadav,Honda Dio,111400,EMI,2025-02-06,Deepa,Kankarbagh,2024
651,2025-02-07,Ravi Kumar,Honda Hornet,89279,UPI,2025-02-27,Ajay,Ashiana,2022
652,2024-04-06,Kiran Thakur,Honda Dio,135753,Card,2024-04-13,Ajay,Bailey Road,2024
653,2024-12-05,Pooja Gupta,Honda Activa,81815,UPI,2024-12-21,Sunita,Kankarbagh,2023
654,2025-03-18,Rani Mishra,Honda Hornet,149765,UPI,2025-03-27,Neha,Bailey Road,2024
655,2023-12-13,Anjali Singh,Honda Shine,121304,UPI,2024-01-01,Deepa,Fraser Road,2022
656,2024-06-25,Amit Choudhary,Honda Activa,111668,EMI,2024-07-06,Deepa,Patliputra,2022
657,2025-06-04,Manish Yadav,Honda Hornet,116931,Card,2025-06-05,Ajay,Boring Road,2024
658,2024-05-15,Anjali Kumar,Honda Hornet,116113,EMI,2024-05-28,Sunita,Boring Road,2023
659,2025-06-02,Suman Choudhary,Honda Dio,106360,EMI,2025-06-06,Ajay,Patliputra,2024
660,2025-02-04,Suman Sharma,Honda Shine,88974,EMI,2025-02-16,Neha,Fraser Road,2023
661,2024-06-05,Ravi Verma,Honda Unicorn,94061,Card,2024-06-23,Rajeev,Bailey Road,2024
662,2024-10-12,Anjali Kumar,Honda Activa,72451,EMI,2024-10-25,Vikash,Fraser Road,2024
663,2024-05-25,Suresh Singh,Honda Unicorn,104465,Card,2024-06-13,Vikash,Fraser Road,2024
664,2025-05-31,Kiran Gupta,Honda Hornet,80363,Cash,2025-06-16,Deepa,Kankarbagh,2022
665,2025-02-20,Kiran Mishra,Honda Hornet,61482,Cash,2025-02-22,Ajay,Patliputra,2024
666,2025-03-04,Suresh Verma,Honda Activa,97567,UPI,2025-03-11,Sunita,Fraser Road,2023
667,2024-12-20,Ravi Choudhary,Honda Hornet,69907,Cash,2024-12-26,Ajay,Boring Road,2022
668,2025-06-20,Anjali Gupta,Honda Unicorn,73340,Card,2025-06-21,Sunita,Bailey Road,2024
669,2024-02-25,Rohit Mishra,Honda Unicorn,69572,Card,2024-03-05,Vikash,Kankarbagh,2022
670,2024-12-07,Kiran Thakur,Honda Hornet,149858,Card,2024-12-10,Rajeev,Bailey Road,2023
671,2025-04-25,Suresh Mishra,Honda Dio,93705,Card,2025-05-08,Neha,Kankarbagh,2023
672,2024-10-02,Suresh Choudhary,Honda Shine,107649,Card,2024-10-13,Ajay,Kankarbagh,2023
673,2025-01-20,Pooja Thakur,Honda Unicorn,141922,EMI,2025-01-21,Neha,Fraser Road,2022
674,2025-03-15,Pooja Kumar,Honda Shine,142113,Card,2025-03-17,Vikash,Boring Road,2022
675,2025-04-16,Kiran Verma,Honda Dio,109046,Cash,2025-04-30,Vikash,Bailey Road,2022
676,2024-11-16,Pooja Choudhary,Honda Activa,98254,EMI,2024-11-19,Ajay,Bailey Road,2022
677,2024-10-12,Pooja Mishra,Honda Unicorn,142306,EMI,2024-10-16,Neha,Patliputra,2024
678,2025-04-13,Amit Thakur,Honda Activa,75117,EMI,2025-04-14,Rajeev,Ashiana,2022
679,2025-01-21,Suresh Sharma,Honda Hornet,92550,Cash,2025-01-29,Ajay,Ashiana,2024
680,2024-07-19,Suresh Sharma,Honda Shine,133366,UPI,2024-07-22,Ajay,Fraser Road,2023
681,2025-01-14,Pooja Jha,Honda Dio,137914,UPI,2025-02-01,Deepa,Bailey Road,2023
682,2024-06-13,Kiran Yadav,Honda Hornet,120185,UPI,2024-07-01,Sunita,Kankarbagh,2022
683,2024-11-17,Rani Mishra,Honda Dio,113810,EMI,2024-12-06,Sunita,Fraser Road,2023
684,2024-10-27,Suresh Gupta,Honda Shine,105909,Card,2024-11-09,Neha,Bailey Road,2023
685,2025-05-30,Rohit Singh,Honda Unicorn,83636,Cash,2025-06-13,Rajeev,Patliputra,2022
686,2024-06-28,Ravi Mishra,Honda Dio,135303,Cash,2024-07-12,Sunita,Patliputra,2024
687,2024-07-18,Anjali Jha,Honda Hornet,84735,Card,2024-07-30,Vikash,Kankarbagh,2023
688,2024-09-22,Anjali Sharma,Honda Activa,118659,Card,2024-10-03,Ajay,Ashiana,2022
689,2025-04-30,Kiran Sharma,Honda Unicorn,68556,UPI,2025-05-13,Neha,Boring Road,2022
690,2025-02-07,Rohit Singh,Honda Dio,93073,Cash,2025-02-16,Ajay,Kankarbagh,2024
691,2024-02-04,Manish Singh,Honda Activa,101205,EMI,2024-02-14,Ajay,Kankarbagh,2023
692,2025-01-12,Rohit Mishra,Honda Dio,122674,Cash,2025-01-21,Neha,Boring Road,2022
693,2024-01-15,Pooja Jha,Honda Shine,63783,Cash,2024-01-24,Neha,Bailey Road,2022
694,2024-11-22,Suresh Kumar,Honda Unicorn,68100,UPI,2024-12-12,Neha,Fraser Road,2023
695,2024-11-25,Suman Kumar,Honda Unicorn,73433,Cash,2024-12-01,Sunita,Patliputra,2022
696,2024-04-01,Suresh Mishra,Honda Activa,136190,Cash,2024-04-08,Vikash,Kankarbagh,2023
697,2025-06-05,Ravi Kumar,Honda Unicorn,111120,Card,2025-06-09,Rajeev,Boring Road,2024
698,2024-07-14,Rohit Mishra,Honda Unicorn,69205,Card,2024-07-24,Deepa,Bailey Road,2023
699,2024-07-07,Manish Singh,Honda Shine,78898,Card,2024-07-19,Deepa,Boring Road,2022
700,2024-08-29,Anjali Jha,Honda Shine,66219,Card,2024-09-10,Rajeev,Fraser Road,2024
701,2024-12-01,Anjali Jha,Honda Unicorn,104695,EMI,2024-12-20,Rajeev,Kankarbagh,2024
702,2025-01-07,Rani Sharma,Honda Activa,90335,EMI,2025-01-20,Sunita,Ashiana,2023
703,2024-06-04,Suresh Singh,Honda Unicorn,69594,EMI,2024-06-05,Neha,Boring Road,2023
704,2025-05-10,Suresh Mishra,Honda Unicorn,71981,EMI,2025-05-15,Deepa,Ashiana,2022
705,2024-09-06,Ravi Jha,Honda Hornet,88393,Cash,2024-09-26,Rajeev,Kankarbagh,2023
706,2024-05-01,Manish Thakur,Honda Shine,105009,EMI,2024-05-14,Deepa,Boring Road,2023
707,2024-10-20,Ravi Thakur,Honda Dio,68674,Cash,2024-11-07,Vikash,Boring Road,2023
708,2024-06-25,Manish Mishra,Honda Hornet,113391,UPI,2024-06-28,Ajay,Fraser Road,2023
709,2024-11-17,Pooja Gupta,Honda Dio,126870,Card,2024-11-26,Sunita,Patliputra,2024
710,2025-02-21,Anjali Thakur,Honda Dio,132887,UPI,2025-03-12,Ajay,Fraser Road,2022
711,2025-05-03,Manish Verma,Honda Shine,143850,Card,2025-05-06,Vikash,Kankarbagh,2024
712,2024-03-26,Anjali Gupta,Honda Shine,125080,Card,2024-04-02,Rajeev,Bailey Road,2024
713,2024-08-21,Rohit Gupta,Honda Shine,122492,Card,2024-08-23,Vikash,Bailey Road,2023
714,2025-02-24,Anjali Singh,Honda Dio,122481,Cash,2025-03-06,Ajay,Bailey Road,2024
715,2024-11-28,Anjali Yadav,Honda Hornet,117787,Cash,2024-12-18,Ajay,Ashiana,2022
716,2024-12-19,Rani Thakur,Honda Unicorn,63310,Card,2024-12-23,Deepa,Ashiana,2024
717,2025-05-12,Kiran Kumar,Honda Hornet,66146,Card,2025-05-19,Vikash,Boring Road,2023
718,2024-11-21,Kiran Choudhary,Honda Unicorn,70600,EMI,2024-12-07,Deepa,Boring Road,2022
719,2024-01-30,Kiran Mishra,Honda Unicorn,97201,Cash,2024-02-12,Vikash,Patliputra,2022
720,2025-01-16,Amit Kumar,Honda Dio,131067,Cash,2025-01-22,Deepa,Bailey Road,2023
721,2024-02-03,Ravi Choudhary,Honda Unicorn,67342,EMI,2024-02-21,Deepa,Fraser Road,2022
722,2024-03-18,Rohit Verma,Honda Dio,140066,Cash,2024-04-05,Deepa,Ashiana,2022
723,2024-11-16,Rohit Mishra,Honda Hornet,60109,Cash,2024-11-24,Ajay,Fraser Road,2024
724,2024-05-31,Ravi Sharma,Honda Unicorn,76318,EMI,2024-06-02,Vikash,Fraser Road,2024
725,2024-02-09,Ravi Yadav,Honda Unicorn,66237,UPI,2024-02-20,Ajay,Ashiana,2022
726,2024-05-16,Anjali Verma,Honda Activa,105734,Cash,2024-06-02,Ajay,Bailey Road,2022
727,2025-05-22,Suman Singh,Honda Shine,101586,UPI,2025-05-28,Sunita,Fraser Road,2022
728,2024-07-04,Rohit Kumar,Honda Shine,139270,EMI,2024-07-22,Vikash,Boring Road,2022
729,2025-01-14,Suman Jha,Honda Unicorn,78384,Cash,2025-02-02,Sunita,Patliputra,2022
730,2025-05-02,Rohit Singh,Honda Hornet,119413,UPI,2025-05-11,Rajeev,Ashiana,2024
731,2024-11-24,Kiran Gupta,Honda Shine,115759,EMI,2024-12-04,Deepa,Fraser Road,2023
732,2024-01-30,Amit Sharma,Honda Shine,143352,EMI,2024-02-17,Vikash,Bailey Road,2024
733,2024-03-07,Suman Kumar,Honda Hornet,130530,UPI,2024-03-08,Sunita,Kankarbagh,2022
734,2025-04-11,Rohit Yadav,Honda Activa,83110,Card,2025-04-27,Rajeev,Boring Road,2022
735,2025-03-11,Rohit Singh,Honda Hornet,129966,Card,2025-03-28,Deepa,Boring Road,2022
736,2024-07-03,Rohit Thakur,Honda Activa,112836,Cash,2024-07-21,Sunita,Boring Road,2024
737,2025-06-06,Rohit Jha,Honda Shine,112575,Cash,2025-06-07,Deepa,Boring Road,2023
738,2024-09-21,Amit Choudhary,Honda Hornet,62958,Card,2024-10-03,Ajay,Patliputra,2022
739,2024-03-23,Pooja Sharma,Honda Shine,119995,EMI,2024-04-03,Vikash,Patliputra,2023
740,2024-08-23,Pooja Yadav,Honda Activa,89505,Card,2024-09-08,Rajeev,Kankarbagh,2023
741,2024-01-10,Pooja Kumar,Honda Shine,141946,Cash,2024-01-28,Neha,Kankarbagh,2022
742,2024-01-26,Suresh Thakur,Honda Activa,113174,UPI,2024-01-28,Deepa,Kankarbagh,2022
743,2024-01-09,Ravi Mishra,Honda Hornet,96324,UPI,2024-01-23,Ajay,Bailey Road,2022
744,2024-01-09,Ravi Yadav,Honda Activa,128860,Cash,2024-01-18,Ajay,Fraser Road,2022
745,2025-04-22,Ravi Singh,Honda Activa,136136,UPI,2025-05-11,Sunita,Ashiana,2022
746,2024-01-19,Suman Choudhary,Honda Hornet,100660,Card,2024-01-30,Neha,Patliputra,2022
747,2025-01-11,Kiran Verma,Honda Hornet,77705,EMI,2025-01-24,Rajeev,Ashiana,2023
748,2024-08-31,Suresh Thakur,Honda Dio,84996,UPI,2024-09-04,Neha,Patliputra,2022
749,2024-03-15,Ravi Jha,Honda Shine,75582,Card,2024-03-25,Vikash,Kankarbagh,2024
750,2025-01-31,Ravi Mishra,Honda Activa,80166,Cash,2025-02-06,Rajeev,Bailey Road,2023
751,2024-11-13,Rohit Jha,Honda Dio,96185,UPI,2024-11-30,Vikash,Boring Road,2022
752,2024-02-04,Manish Mishra,Honda Shine,126573,EMI,2024-02-08,Ajay,Bailey Road,2023
753,2024-01-24,Ravi Singh,Honda Hornet,121034,EMI,2024-02-02,Neha,Bailey Road,2022
754,2024-12-13,Manish Choudhary,Honda Unicorn,98689,UPI,2024-12-27,Vikash,Kankarbagh,2024
755,2024-12-10,Pooja Jha,Honda Unicorn,132829,UPI,2024-12-17,Neha,Kankarbagh,2022
756,2024-02-05,Ravi Thakur,Honda Activa,107317,EMI,2024-02-15,Neha,Kankarbagh,2024
757,2024-12-18,Rohit Yadav,Honda Activa,75967,EMI,2024-12-31,Vikash,Bailey Road,2023
758,2024-11-24,Suman Singh,Honda Activa,93814,Card,2024-12-11,Sunita,Kankarbagh,2024
759,2024-09-01,Anjali Yadav,Honda Hornet,71488,UPI,2024-09-14,Sunita,Ashiana,2023
760,2024-10-14,Manish Mishra,Honda Unicorn,123449,EMI,2024-11-02,Neha,Bailey Road,2022
761,2025-02-27,Rohit Singh,Honda Activa,119735,UPI,2025-03-12,Sunita,Ashiana,2022
762,2024-01-30,Rohit Singh,Honda Dio,123151,Cash,2024-01-31,Rajeev,Fraser Road,2023
763,2024-08-12,Pooja Gupta,Honda Unicorn,93257,UPI,2024-08-24,Vikash,Kankarbagh,2022
764,2024-02-25,Rani Kumar,Honda Shine,88944,Cash,2024-03-02,Vikash,Ashiana,2022
765,2024-02-11,Kiran Kumar,Honda Dio,105150,Cash,2024-02-26,Neha,Fraser Road,2023
766,2024-04-01,Suresh Sharma,Honda Hornet,72567,EMI,2024-04-21,Neha,Ashiana,2022
767,2025-02-13,Anjali Kumar,Honda Shine,115713,Card,2025-02-16,Ajay,Bailey Road,2022
768,2025-06-09,Kiran Kumar,Honda Dio,125761,EMI,2025-06-16,Vikash,Bailey Road,2024
769,2024-12-25,Rohit Choudhary,Honda Hornet,63197,Cash,2025-01-13,Neha,Patliputra,2023
770,2025-02-26,Rani Choudhary,Honda Shine,117308,EMI,2025-03-02,Ajay,Kankarbagh,2022
771,2025-02-01,Rani Singh,Honda Shine,85324,Cash,2025-02-10,Ajay,Kankarbagh,2023
772,2024-05-06,Manish Mishra,Honda Unicorn,84531,UPI,2024-05-24,Sunita,Ashiana,2024
773,2024-07-09,Anjali Gupta,Honda Activa,149744,UPI,2024-07-26,Rajeev,Bailey Road,2024
774,2024-04-13,Amit Singh,Honda Dio,135114,EMI,2024-05-03,Vikash,Kankarbagh,2024
775,2024-08-11,Kiran Jha,Honda Dio,80498,UPI,2024-08-29,Sunita,Patliputra,2024
776,2024-04-26,Suman Mishra,Honda Activa,111471,EMI,2024-05-02,Sunita,Patliputra,2023
777,2024-12-20,Ravi Kumar,Honda Shine,91700,EMI,2024-12-23,Ajay,Bailey Road,2023
778,2024-04-29,Kiran Mishra,Honda Hornet,114860,Card,2024-05-08,Neha,Kankarbagh,2024
779,2024-02-08,Rohit Yadav,Honda Activa,107381,Cash,2024-02-12,Ajay,Boring Road,2022
780,2024-03-12,Anjali Choudhary,Honda Dio,140171,Card,2024-03-18,Neha,Bailey Road,2022
781,2024-02-06,Amit Singh,Honda Shine,138724,Card,2024-02-09,Deepa,Kankarbagh,2024
782,2024-03-23,Ravi Jha,Honda Shine,82305,EMI,2024-03-31,Ajay,Kankarbagh,2022
783,2024-08-22,Pooja Singh,Honda Activa,110212,EMI,2024-08-25,Rajeev,Bailey Road,2022
784,2024-01-19,Rohit Choudhary,Honda Activa,121853,Card,2024-01-25,Neha,Boring Road,2023
785,2024-12-26,Ravi Yadav,Honda Hornet,119187,UPI,2025-01-13,Rajeev,Ashiana,2024
786,2025-02-27,Suman Choudhary,Honda Dio,101987,EMI,2025-03-16,Neha,Ashiana,2023
787,2025-05-17,Pooja Mishra,Honda Activa,113105,Cash,2025-05-20,Vikash,Ashiana,2023
788,2024-02-14,Amit Verma,Honda Shine,83287,UPI,2024-02-27,Deepa,Boring Road,2023
789,2024-04-29,Suresh Verma,Honda Shine,75272,Cash,2024-05-09,Neha,Boring Road,2022
790,2024-03-10,Anjali Yadav,Honda Unicorn,90027,Card,2024-03-28,Deepa,Bailey Road,2023
791,2025-03-24,Ravi Sharma,Honda Shine,101110,EMI,2025-04-06,Sunita,Bailey Road,2023
792,2024-04-15,Rani Gupta,Honda Hornet,73960,EMI,2024-04-20,Ajay,Ashiana,2022
793,2024-09-22,Amit Singh,Honda Shine,70460,Cash,2024-10-04,Rajeev,Bailey Road,2024
794,2025-02-27,Rani Gupta,Honda Hornet,120835,Card,2025-03-16,Sunita,Bailey Road,2023
795,2025-03-26,Amit Thakur,Honda Dio,128760,Card,2025-04-04,Neha,Kankarbagh,2022
796,2024-09-06,Rohit Yadav,Honda Activa,109635,EMI,2024-09-21,Deepa,Fraser Road,2024
797,2024-02-06,Suresh Yadav,Honda Unicorn,148989,Card,2024-02-18,Rajeev,Kankarbagh,2022
798,2024-03-28,Anjali Verma,Honda Dio,149042,Cash,2024-04-07,Vikash,Boring Road,2023
799,2024-06-25,Kiran Singh,Honda Activa,60615,EMI,2024-07-04,Ajay,Boring Road,2023
800,2024-05-16,Rohit Yadav,Honda Shine,143662,Card,2024-06-03,Sunita,Fraser Road,2024
801,2024-03-20,Pooja Singh,Honda Shine,73575,UPI,2024-04-07,Sunita,Fraser Road,2024
802,2024-11-02,Anjali Sharma,Honda Hornet,138460,UPI,2024-11-17,Ajay,Kankarbagh,2024
803,2024-09-18,Amit Thakur,Honda Unicorn,64677,Cash,2024-10-03,Sunita,Patliputra,2023
804,2024-05-02,Suman Choudhary,Honda Hornet,68753,Cash,2024-05-18,Rajeev,Boring Road,2024
805,2024-08-26,Suman Singh,Honda Shine,89088,UPI,2024-09-14,Vikash,Patliputra,2023
806,2025-03-07,Rohit Kumar,Honda Shine,100125,Cash,2025-03-11,Sunita,Bailey Road,2023
807,2024-07-19,Rohit Verma,Honda Shine,115658,Cash,2024-07-27,Vikash,Patliputra,2023
808,2024-09-24,Pooja Gupta,Honda Dio,124377,Card,2024-09-26,Ajay,Patliputra,2022
809,2024-01-20,Suresh Choudhary,Honda Dio,111870,UPI,2024-02-03,Sunita,Kankarbagh,2022
810,2024-08-16,Pooja Kumar,Honda Activa,135568,Cash,2024-08-26,Neha,Fraser Road,2024
811,2025-04-21,Rohit Singh,Honda Hornet,85895,UPI,2025-04-25,Rajeev,Ashiana,2024
812,2024-05-12,Pooja Singh,Honda Activa,135739,Cash,2024-05-13,Vikash,Fraser Road,2023
813,2024-01-22,Anjali Choudhary,Honda Dio,109425,Card,2024-02-11,Vikash,Boring Road,2022
814,2024-03-26,Suresh Singh,Honda Shine,141473,EMI,2024-04-13,Sunita,Ashiana,2022
815,2024-08-17,Anjali Jha,Honda Unicorn,71160,UPI,2024-08-23,Sunita,Fraser Road,2023
816,2024-05-12,Manish Sharma,Honda Unicorn,74415,UPI,2024-05-26,Rajeev,Kankarbagh,2023
817,2024-12-05,Pooja Gupta,Honda Dio,90062,UPI,2024-12-16,Sunita,Patliputra,2022
818,2025-03-30,Kiran Mishra,Honda Shine,137969,Cash,2025-04-16,Ajay,Patliputra,2024
819,2024-12-24,Manish Thakur,Honda Hornet,81854,EMI,2024-12-27,Rajeev,Kankarbagh,2024
820,2025-04-14,Anjali Mishra,Honda Activa,100966,Card,2025-04-18,Ajay,Patliputra,2022
821,2024-01-24,Rohit Singh,Honda Shine,146152,EMI,2024-01-26,Vikash,Fraser Road,2023
822,2025-02-21,Ravi Jha,Honda Shine,132463,UPI,2025-03-07,Sunita,Boring Road,2023
823,2024-11-30,Manish Jha,Honda Dio,136131,UPI,2024-12-16,Deepa,Kankarbagh,2024
824,2024-02-02,Anjali Choudhary,Honda Hornet,108247,Cash,2024-02-17,Sunita,Ashiana,2022
825,2024-04-20,Rohit Choudhary,Honda Unicorn,63609,Cash,2024-05-09,Neha,Boring Road,2024
826,2024-08-22,Amit Gupta,Honda Hornet,140048,Cash,2024-08-27,Neha,Boring Road,2022
827,2025-06-07,Pooja Sharma,Honda Activa,109295,Cash,2025-06-10,Vikash,Boring Road,2024
828,2025-03-24,Rani Gupta,Honda Hornet,66930,Cash,2025-04-03,Neha,Bailey Road,2024
829,2025-03-07,Suresh Gupta,Honda Activa,129191,Card,2025-03-25,Sunita,Fraser Road,2023
830,2024-06-28,Manish Sharma,Honda Hornet,66921,UPI,2024-07-12,Vikash,Fraser Road,2023
831,2024-08-14,Manish Jha,Honda Activa,115174,Card,2024-08-20,Rajeev,Patliputra,2022
832,2024-08-31,Suresh Choudhary,Honda Unicorn,78980,EMI,2024-09-05,Ajay,Fraser Road,2023
833,2025-01-16,Pooja Singh,Honda Shine,79691,UPI,2025-02-01,Deepa,Patliputra,2024
834,2025-04-26,Manish Choudhary,Honda Activa,124275,UPI,2025-04-27,Neha,Ashiana,2023
835,2025-02-21,Rani Gupta,Honda Unicorn,88817,EMI,2025-02-24,Vikash,Bailey Road,2024
836,2024-11-26,Pooja Jha,Honda Activa,141076,Cash,2024-11-28,Deepa,Boring Road,2024
837,2025-02-11,Kiran Mishra,Honda Dio,80999,UPI,2025-02-27,Neha,Patliputra,2024
838,2025-03-01,Manish Gupta,Honda Hornet,62146,UPI,2025-03-17,Rajeev,Boring Road,2022
839,2024-02-02,Kiran Singh,Honda Unicorn,93310,Card,2024-02-15,Rajeev,Fraser Road,2022
840,2025-03-03,Ravi Yadav,Honda Dio,115619,EMI,2025-03-10,Neha,Ashiana,2023
841,2024-11-28,Anjali Yadav,Honda Unicorn,118364,Cash,2024-12-04,Ajay,Patliputra,2023
842,2024-10-03,Suresh Gupta,Honda Unicorn,121388,EMI,2024-10-10,Rajeev,Boring Road,2023
843,2024-11-16,Kiran Verma,Honda Hornet,90746,Cash,2024-11-29,Sunita,Patliputra,2024
844,2024-11-16,Kiran Mishra,Honda Hornet,113836,EMI,2024-11-25,Ajay,Fraser Road,2023
845,2024-06-01,Kiran Sharma,Honda Dio,82789,Cash,2024-06-10,Sunita,Boring Road,2024
846,2024-02-10,Manish Kumar,Honda Shine,116401,EMI,2024-02-24,Ajay,Kankarbagh,2022
847,2024-02-24,Pooja Thakur,Honda Unicorn,130663,Cash,2024-03-07,Vikash,Patliputra,2023
848,2024-09-09,Kiran Yadav,Honda Hornet,139909,UPI,2024-09-26,Rajeev,Kankarbagh,2023
849,2024-12-31,Kiran Yadav,Honda Shine,94891,Card,2025-01-15,Ajay,Bailey Road,2022
850,2025-01-08,Suman Choudhary,Honda Unicorn,73780,UPI,2025-01-24,Vikash,Boring Road,2023
851,2025-02-20,Suresh Kumar,Honda Dio,116856,Card,2025-02-22,Sunita,Patliputra,2024
852,2024-06-26,Pooja Sharma,Honda Hornet,134740,Card,2024-06-29,Sunita,Kankarbagh,2023
853,2024-03-11,Ravi Kumar,Honda Shine,120638,Cash,2024-03-23,Ajay,Patliputra,2023
854,2024-05-06,Ravi Thakur,Honda Activa,141021,Cash,2024-05-23,Ajay,Bailey Road,2024
855,2025-03-13,Ravi Yadav,Honda Shine,75508,EMI,2025-03-24,Ajay,Patliputra,2024
856,2025-01-17,Ravi Choudhary,Honda Hornet,72098,EMI,2025-01-24,Vikash,Boring Road,2024
857,2024-07-07,Suman Sharma,Honda Unicorn,60792,Cash,2024-07-12,Vikash,Patliputra,2024
858,2024-11-04,Suman Sharma,Honda Dio,92787,EMI,2024-11-06,Rajeev,Kankarbagh,2024
859,2024-09-26,Amit Jha,Honda Unicorn,91214,UPI,2024-10-05,Rajeev,Boring Road,2022
860,2024-05-28,Rohit Thakur,Honda Activa,60298,Card,2024-06-10,Ajay,Fraser Road,2022
861,2025-03-29,Rohit Jha,Honda Hornet,121301,EMI,2025-04-11,Ajay,Fraser Road,2023
862,2025-05-19,Kiran Mishra,Honda Unicorn,67952,Cash,2025-06-05,Deepa,Patliputra,2024
863,2025-03-25,Rani Mishra,Honda Hornet,61763,EMI,2025-04-05,Neha,Patliputra,2022
864,2024-02-26,Anjali Jha,Honda Unicorn,119449,UPI,2024-03-11,Ajay,Kankarbagh,2024
865,2024-04-19,Rani Singh,Honda Shine,131163,EMI,2024-04-20,Rajeev,Bailey Road,2022
866,2024-10-12,Ravi Singh,Honda Activa,128060,Card,2024-10-19,Sunita,Kankarbagh,2022
867,2025-04-06,Rohit Kumar,Honda Activa,83955,UPI,2025-04-25,Ajay,Bailey Road,2023
868,2025-04-16,Anjali Verma,Honda Unicorn,125163,Cash,2025-04-28,Rajeev,Patliputra,2023
869,2024-08-01,Rohit Kumar,Honda Unicorn,61227,Card,2024-08-02,Neha,Boring Road,2023
870,2025-01-29,Manish Choudhary,Honda Hornet,92756,UPI,2025-02-02,Deepa,Bailey Road,2024
871,2025-06-07,Anjali Yadav,Honda Hornet,79394,Card,2025-06-18,Deepa,Fraser Road,2023
872,2024-04-22,Suman Thakur,Honda Hornet,97449,EMI,2024-05-02,Neha,Patliputra,2023
873,2024-05-24,Pooja Mishra,Honda Unicorn,105171,Card,2024-06-09,Sunita,Ashiana,2023
874,2024-07-31,Anjali Gupta,Honda Activa,86391,Card,2024-08-18,Rajeev,Patliputra,2023
875,2024-04-14,Pooja Singh,Honda Hornet,103099,EMI,2024-04-28,Vikash,Kankarbagh,2024
876,2025-06-01,Kiran Kumar,Honda Activa,90419,EMI,2025-06-19,Sunita,Kankarbagh,2022
877,2025-01-14,Anjali Mishra,Honda Hornet,80511,EMI,2025-01-18,Sunita,Boring Road,2022
878,2025-03-29,Ravi Yadav,Honda Dio,125424,EMI,2025-04-18,Rajeev,Patliputra,2022
879,2024-07-16,Suman Yadav,Honda Unicorn,132062,UPI,2024-08-02,Vikash,Fraser Road,2024
880,2024-08-27,Rani Kumar,Honda Dio,123262,EMI,2024-09-03,Deepa,Kankarbagh,2023
881,2024-03-30,Kiran Kumar,Honda Dio,87291,Card,2024-04-19,Neha,Bailey Road,2023
882,2024-03-18,Rohit Verma,Honda Shine,133280,EMI,2024-04-01,Sunita,Kankarbagh,2023
883,2025-06-14,Rohit Singh,Honda Hornet,98731,EMI,2025-06-21,Sunita,Bailey Road,2023
884,2024-03-07,Suresh Singh,Honda Dio,135350,Cash,2024-03-18,Sunita,Boring Road,2023
885,2024-07-14,Anjali Mishra,Honda Hornet,107661,Cash,2024-07-31,Vikash,Bailey Road,2023
886,2024-09-04,Suman Gupta,Honda Unicorn,100477,EMI,2024-09-12,Neha,Ashiana,2024
887,2024-01-22,Suman Choudhary,Honda Activa,92098,Card,2024-01-28,Neha,Ashiana,2022
888,2024-09-11,Suresh Gupta,Honda Unicorn,68157,Cash,2024-09-25,Neha,Bailey Road,2022
889,2024-10-21,Rohit Kumar,Honda Unicorn,110910,EMI,2024-11-02,Rajeev,Kankarbagh,2024
890,2025-04-07,Kiran Thakur,Honda Unicorn,116861,Cash,2025-04-21,Rajeev,Patliputra,2022
891,2024-01-18,Rani Gupta,Honda Dio,118043,EMI,2024-02-06,Vikash,Kankarbagh,2024
892,2024-02-26,Rani Kumar,Honda Activa,63670,EMI,2024-03-01,Vikash,Boring Road,2024
893,2025-04-11,Rani Singh,Honda Shine,94645,UPI,2025-04-19,Neha,Bailey Road,2022
894,2025-03-22,Rani Kumar,Honda Shine,141712,Cash,2025-03-26,Sunita,Patliputra,2022
895,2024-09-06,Suman Yadav,Honda Hornet,83714,UPI,2024-09-10,Neha,Patliputra,2023
896,2025-01-16,Rani Thakur,Honda Dio,129237,Card,2025-01-24,Rajeev,Boring Road,2022
897,2024-12-29,Suresh Kumar,Honda Unicorn,98095,EMI,2025-01-17,Sunita,Boring Road,2024
898,2024-01-10,Rohit Mishra,Honda Shine,111044,Card,2024-01-13,Deepa,Fraser Road,2024
899,2024-10-01,Ravi Mishra,Honda Dio,111169,EMI,2024-10-05,Vikash,Boring Road,2023
900,2024-11-29,Rani Sharma,Honda Dio,64309,EMI,2024-12-15,Neha,Fraser Road,2023
901,2024-10-30,Kiran Verma,Honda Unicorn,126062,Card,2024-11-05,Sunita,Kankarbagh,2024
902,2024-04-26,Pooja Sharma,Honda Dio,115481,EMI,2024-05-04,Ajay,Patliputra,2024
903,2024-01-27,Rohit Sharma,Honda Shine,128805,Card,2024-02-10,Neha,Fraser Road,2023
904,2024-07-03,Pooja Jha,Honda Hornet,134881,EMI,2024-07-18,Rajeev,Kankarbagh,2024
905,2025-01-05,Rani Choudhary,Honda Hornet,70450,UPI,2025-01-15,Vikash,Bailey Road,2023
906,2024-03-28,Anjali Thakur,Honda Dio,132949,Card,2024-04-03,Rajeev,Fraser Road,2022
907,2024-08-30,Ravi Choudhary,Honda Hornet,72153,EMI,2024-09-15,Deepa,Ashiana,2023
908,2023-12-31,Rani Sharma,Honda Activa,111303,Card,2024-01-12,Neha,Ashiana,2024
909,2025-04-23,Anjali Singh,Honda Hornet,103756,Card,2025-05-04,Sunita,Ashiana,2022
910,2024-12-13,Suman Yadav,Honda Dio,146251,UPI,2024-12-25,Deepa,Ashiana,2022
911,2025-01-22,Manish Gupta,Honda Dio,135935,EMI,2025-01-29,Neha,Boring Road,2024
912,2024-11-21,Kiran Thakur,Honda Activa,89652,EMI,2024-12-01,Sunita,Patliputra,2024
913,2024-07-01,Suresh Mishra,Honda Hornet,139528,Cash,2024-07-08,Neha,Ashiana,2023
914,2024-06-27,Rohit Singh,Honda Dio,146325,Card,2024-06-29,Vikash,Patliputra,2022
915,2025-03-02,Anjali Verma,Honda Unicorn,139874,UPI,2025-03-15,Neha,Kankarbagh,2024
916,2024-12-25,Suresh Thakur,Honda Activa,109092,EMI,2024-12-30,Vikash,Kankarbagh,2024
917,2024-08-04,Kiran Gupta,Honda Unicorn,83872,EMI,2024-08-08,Deepa,Patliputra,2023
918,2024-12-10,Suresh Sharma,Honda Hornet,95535,Cash,2024-12-17,Vikash,Kankarbagh,2022
919,2025-04-09,Suresh Choudhary,Honda Shine,64114,EMI,2025-04-21,Sunita,Fraser Road,2023
920,2024-06-30,Kiran Gupta,Honda Hornet,143315,Card,2024-07-20,Vikash,Bailey Road,2023
921,2023-12-28,Kiran Kumar,Honda Dio,135062,UPI,2024-01-09,Ajay,Bailey Road,2022
922,2024-03-27,Anjali Mishra,Honda Hornet,148832,EMI,2024-03-28,Rajeev,Bailey Road,2023
923,2024-12-12,Pooja Kumar,Honda Activa,111069,EMI,2024-12-22,Ajay,Ashiana,2024
924,2024-03-20,Rani Singh,Honda Hornet,112764,Cash,2024-04-09,Vikash,Fraser Road,2022
925,2024-04-25,Rani Choudhary,Honda Hornet,127585,UPI,2024-04-28,Sunita,Ashiana,2023
926,2024-05-06,Ravi Kumar,Honda Activa,116534,EMI,2024-05-15,Rajeev,Boring Road,2022
927,2024-02-26,Amit Thakur,Honda Hornet,101375,Card,2024-03-01,Ajay,Ashiana,2024
928,2024-03-18,Kiran Thakur,Honda Activa,102061,Cash,2024-03-29,Sunita,Bailey Road,2023
929,2024-12-23,Rohit Mishra,Honda Hornet,135163,Card,2025-01-05,Ajay,Fraser Road,2023
930,2024-11-01,Anjali Verma,Honda Shine,110345,UPI,2024-11-15,Sunita,Fraser Road,2023
931,2025-05-09,Rani Verma,Honda Dio,106317,Card,2025-05-21,Neha,Boring Road,2022
932,2024-08-16,Kiran Yadav,Honda Unicorn,113915,EMI,2024-08-17,Deepa,Boring Road,2023
933,2025-04-02,Rohit Yadav,Honda Dio,141888,UPI,2025-04-07,Sunita,Boring Road,2022
934,2025-02-19,Ravi Thakur,Honda Hornet,66356,UPI,2025-02-26,Rajeev,Ashiana,2024
935,2024-08-08,Suman Choudhary,Honda Activa,138271,Card,2024-08-09,Neha,Bailey Road,2024
936,2024-04-11,Anjali Kumar,Honda Shine,65958,UPI,2024-04-27,Ajay,Boring Road,2022
937,2024-11-05,Suresh Verma,Honda Dio,88842,UPI,2024-11-22,Ajay,Patliputra,2022
938,2025-02-02,Ravi Yadav,Honda Dio,99884,Card,2025-02-22,Vikash,Fraser Road,2023
939,2024-08-02,Manish Singh,Honda Activa,76295,Cash,2024-08-21,Neha,Boring Road,2023
940,2024-01-20,Amit Choudhary,Honda Hornet,104769,EMI,2024-01-24,Ajay,Fraser Road,2024
941,2024-12-08,Ravi Singh,Honda Shine,111064,UPI,2024-12-19,Sunita,Boring Road,2022
942,2024-04-28,Anjali Mishra,Honda Dio,120420,Card,2024-05-12,Sunita,Ashiana,2022
943,2024-02-03,Pooja Gupta,Honda Shine,133575,Cash,2024-02-04,Ajay,Bailey Road,2022
944,2024-07-03,Pooja Jha,Honda Unicorn,111059,Cash,2024-07-18,Sunita,Patliputra,2022
945,2024-04-18,Ravi Thakur,Honda Hornet,92630,EMI,2024-04-30,Ajay,Boring Road,2022
946,2024-07-24,Anjali Singh,Honda Activa,86314,EMI,2024-08-08,Ajay,Ashiana,2023
947,2024-11-01,Anjali Singh,Honda Hornet,69759,Card,2024-11-06,Deepa,Bailey Road,2024
948,2025-03-31,Anjali Sharma,Honda Hornet,88222,UPI,2025-04-17,Vikash,Bailey Road,2024
949,2025-02-13,Kiran Mishra,Honda Unicorn,83059,EMI,2025-02-14,Sunita,Fraser Road,2024
950,2025-05-03,Suresh Sharma,Honda Activa,105316,EMI,2025-05-14,Vikash,Boring Road,2022
951,2024-12-07,Rani Kumar,Honda Unicorn,126542,UPI,2024-12-11,Ajay,Boring Road,2022
952,2025-04-15,Anjali Singh,Honda Shine,102161,Cash,2025-04-26,Sunita,Patliputra,2023
953,2024-09-04,Suresh Choudhary,Honda Shine,63876,EMI,2024-09-16,Deepa,Patliputra,2022
954,2024-12-21,Amit Verma,Honda Hornet,70059,Card,2024-12-23,Sunita,Bailey Road,2024
955,2024-06-12,Ravi Verma,Honda Dio,113596,EMI,2024-06-25,Sunita,Kankarbagh,2024
956,2024-07-08,Anjali Mishra,Honda Hornet,101406,Cash,2024-07-20,Sunita,Boring Road,2023
957,2024-07-18,Amit Mishra,Honda Dio,69366,Card,2024-08-06,Ajay,Patliputra,2022
958,2024-10-22,Suresh Kumar,Honda Unicorn,90660,Card,2024-11-04,Sunita,Bailey Road,2023
959,2024-02-22,Kiran Kumar,Honda Activa,82008,Cash,2024-03-04,Rajeev,Boring Road,2023
960,2025-02-06,Amit Yadav,Honda Shine,65376,Cash,2025-02-24,Neha,Fraser Road,2023
961,2024-11-04,Pooja Sharma,Honda Unicorn,148635,Cash,2024-11-24,Ajay,Boring Road,2024
962,2025-05-11,Pooja Sharma,Honda Hornet,142602,Card,2025-05-24,Rajeev,Bailey Road,2022
963,2024-02-09,Anjali Gupta,Honda Shine,98899,Card,2024-02-13,Neha,Ashiana,2023
964,2025-04-04,Manish Kumar,Honda Shine,86856,UPI,2025-04-19,Deepa,Fraser Road,2022
965,2025-04-25,Ravi Jha,Honda Activa,109746,Cash,2025-04-30,Ajay,Ashiana,2022
966,2025-05-04,Pooja Gupta,Honda Activa,123571,UPI,2025-05-05,Ajay,Kankarbagh,2023
967,2024-07-11,Pooja Gupta,Honda Unicorn,132997,Card,2024-07-29,Rajeev,Kankarbagh,2022
968,2024-03-15,Rohit Singh,Honda Hornet,76462,UPI,2024-03-23,Deepa,Boring Road,2024
969,2024-02-03,Kiran Yadav,Honda Shine,128534,UPI,2024-02-07,Sunita,Bailey Road,2022
970,2024-03-15,Suresh Yadav,Honda Dio,142270,Card,2024-03-18,Sunita,Boring Road,2023
971,2024-05-13,Suresh Mishra,Honda Unicorn,87467,UPI,2024-05-16,Neha,Ashiana,2022
972,2024-08-13,Rohit Mishra,Honda Unicorn,91591,Cash,2024-08-15,Ajay,Fraser Road,2024
973,2025-01-01,Pooja Singh,Honda Dio,115639,Card,2025-01-07,Sunita,Patliputra,2022
974,2024-12-24,Rani Mishra,Honda Shine,115093,Cash,2024-12-28,Deepa,Ashiana,2024
975,2025-02-19,Amit Sharma,Honda Hornet,92441,UPI,2025-02-25,Neha,Boring Road,2023
976,2025-05-04,Amit Sharma,Honda Dio,82276,UPI,2025-05-20,Neha,Ashiana,2022
977,2024-05-31,Suresh Sharma,Honda Dio,139758,EMI,2024-06-06,Neha,Kankarbagh,2023
978,2024-05-07,Pooja Thakur,Honda Shine,67212,Card,2024-05-08,Deepa,Bailey Road,2023
979,2024-01-22,Ravi Jha,Honda Shine,84294,UPI,2024-01-31,Sunita,Fraser Road,2024
980,2024-07-03,Suresh Thakur,Honda Activa,135412,Card,2024-07-11,Deepa,Fraser Road,2022
981,2024-02-07,Manish Yadav,Honda Hornet,94321,Card,2024-02-08,Neha,Boring Road,2024
982,2024-03-03,Manish Yadav,Honda Dio,65853,Card,2024-03-18,Vikash,Boring Road,2023
983,2024-12-04,Ravi Sharma,Honda Unicorn,60848,Cash,2024-12-06,Neha,Bailey Road,2022
984,2025-04-08,Pooja Sharma,Honda Hornet,84238,EMI,2025-04-14,Sunita,Boring Road,2023
985,2025-04-23,Amit Choudhary,Honda Dio,133344,EMI,2025-05-04,Ajay,Kankarbagh,2022
986,2025-05-25,Rani Verma,Honda Unicorn,142306,EMI,2025-05-28,Vikash,Kankarbagh,2024
987,2024-09-29,Rohit Jha,Honda Shine,90738,Cash,2024-10-10,Vikash,Fraser Road,2023
988,2025-05-21,Suresh Singh,Honda Shine,84964,Card,2025-06-07,Neha,Fraser Road,2023
989,2025-05-10,Manish Verma,Honda Hornet,124983,UPI,2025-05-24,Neha,Fraser Road,2023
990,2024-03-24,Pooja Mishra,Honda Dio,113599,UPI,2024-03-29,Sunita,Ashiana,2022
991,2024-12-16,Rohit Gupta,Honda Hornet,64646,UPI,2025-01-01,Ajay,Kankarbagh,2024
992,2025-02-17,Pooja Kumar,Honda Shine,132675,EMI,2025-03-07,Rajeev,Patliputra,2022
993,2025-01-04,Manish Singh,Honda Activa,107699,Card,2025-01-12,Vikash,Kankarbagh,2024
994,2025-02-07,Kiran Verma,Honda Hornet,147125,UPI,2025-02-08,Sunita,Ashiana,2022
995,2025-03-15,Amit Gupta,Honda Dio,132987,Cash,2025-03-31,Deepa,Ashiana,2023
996,2024-01-14,Suresh Gupta,Honda Hornet,61985,Card,2024-01-29,Ajay,Patliputra,2024
997,2024-09-19,Pooja Yadav,Honda Shine,140506,UPI,2024-10-06,Vikash,Boring Road,2024
998,2024-05-22,Rohit Gupta,Honda Shine,76607,Cash,2024-06-11,Sunita,Bailey Road,2024
999,2024-05-06,Anjali Choudhary,Honda Shine,105826,Cash,2024-05-10,Sunita,Kankarbagh,2023
1000,2024-03-06,Kiran Kumar,Honda Activa,60848,Card,2024-03-12,Neha,Ashiana,2024
